algorithm,Feature Origin,r2,rmse,mae,pearson,bias,soc_min,soc_max,soc_range,category_n,soc_mean,normalization_status,nRMSE,nMAE,nBias,S_R2,S_RMSE,S_MAE,S_Pearson,S_Bias,Score,Global_Rank,Category_Rank
ExtraTreesRegressor,,0.43,34.37,12.32,0.66,1.64,13.1,268.9,255.8,,,SOC-range normalized,0.1343627834245504,0.04816262705238467,0.006411258795934323,0.43,0.8656372165754496,0.9518373729476153,0.8300000000000001,0.9935887412040657,0.8142126661454261,5,1
ExtraTreesRegressor,,0.43,34.37,12.32,0.66,1.64,13.1,268.9,255.8,,,SOC-range normalized,0.1343627834245504,0.04816262705238467,0.006411258795934323,0.43,0.8656372165754496,0.9518373729476153,0.8300000000000001,0.9935887412040657,0.8142126661454261,5,1
ExtraTreesRegressor,,0.39,34.82,12.17,0.63,1.66,13.1,268.9,255.8,,,SOC-range normalized,0.1361219702892885,0.04757623143080531,0.006489444878811571,0.39,0.8638780297107115,0.9524237685691946,0.815,0.9935105551211885,0.8029624706802189,7,3
ExtraTreesRegressor,,0.37,37.17,12.29,0.61,0.61,13.1,268.9,255.8,,,SOC-range normalized,0.14530883502736514,0.0480453479280688,0.002384675527756059,0.37,0.8546911649726349,0.9519546520719312,0.8049999999999999,0.997615324472244,0.7958522283033619,8,4
ExtraTreesRegressor,,0.37,37.17,12.29,0.61,0.61,13.1,268.9,255.8,,,SOC-range normalized,0.14530883502736514,0.0480453479280688,0.002384675527756059,0.37,0.8546911649726349,0.9519546520719312,0.8049999999999999,0.997615324472244,0.7958522283033619,8,4
RandomForestRegressor,,0.36,35.85,12.91,0.6,2.3,13.1,268.9,255.8,,,SOC-range normalized,0.14014855355746678,0.05046911649726349,0.008991399530883501,0.36,0.8598514464425332,0.9495308835027365,0.8,0.9910086004691165,0.7920781860828773,10,6
GradientBoostingRegressor,,0.36,37.67,12.74,0.6,0.68,13.1,268.9,255.8,,,SOC-range normalized,0.14726348709929632,0.04980453479280688,0.002658326817826427,0.36,0.8527365129007036,0.9501954652071931,0.8,0.9973416731821736,0.7920547302580141,11,7
GradientBoostingRegressor,,0.36,37.67,12.74,0.6,0.68,13.1,268.9,255.8,,,SOC-range normalized,0.14726348709929632,0.04980453479280688,0.002658326817826427,0.36,0.8527365129007036,0.9501954652071931,0.8,0.9973416731821736,0.7920547302580141,11,7
RandomForestRegressor,,0.35,37.48,12.62,0.59,0.65,13.1,268.9,255.8,,,SOC-range normalized,0.14652071931196245,0.04933541829554339,0.0025410476935105552,0.35,0.8534792806880376,0.9506645817044566,0.7949999999999999,0.9974589523064894,0.7893205629397967,13,9
RandomForestRegressor,,0.35,37.48,12.62,0.59,0.65,13.1,268.9,255.8,,,SOC-range normalized,0.14652071931196245,0.04933541829554339,0.0025410476935105552,0.35,0.8534792806880376,0.9506645817044566,0.7949999999999999,0.9974589523064894,0.7893205629397967,13,9
RandomForestRegressor,,0.34,36.19,12.75,0.58,1.67,13.1,268.9,255.8,,,SOC-range normalized,0.14147771696637998,0.0498436278342455,0.006528537920250195,0.34,0.85852228303362,0.9501563721657545,0.79,0.9934714620797498,0.7864300234558248,15,11
RandomForestRegressor,,0.34,36.19,12.75,0.58,1.67,13.1,268.9,255.8,,,SOC-range normalized,0.14147771696637998,0.0498436278342455,0.006528537920250195,0.34,0.85852228303362,0.9501563721657545,0.79,0.9934714620797498,0.7864300234558248,15,11
ExtraTreesRegressor,,0.34,37.96,12.65,0.58,0.73,13.1,268.9,255.8,,,SOC-range normalized,0.14839718530101642,0.04945269741985926,0.0028537920250195463,0.34,0.8516028146989836,0.9505473025801408,0.79,0.9971462079749804,0.7858592650508209,17,13
ExtraTreesRegressor,,0.34,37.96,12.65,0.58,0.73,13.1,268.9,255.8,,,SOC-range normalized,0.14839718530101642,0.04945269741985926,0.0028537920250195463,0.34,0.8516028146989836,0.9505473025801408,0.79,0.9971462079749804,0.7858592650508209,17,13
AdaBoostRegressor,,0.38,38.06,20.3,0.61,12.06,13.1,268.9,255.8,,,SOC-range normalized,0.14878811571540265,0.07935887412040657,0.04714620797498045,0.38,0.8512118842845974,0.9206411258795935,0.8049999999999999,0.9528537920250195,0.7819413604378421,20,15
GradientBoostingRegressor,,0.32,37.92,12.63,0.56,0.73,13.1,268.9,255.8,,,SOC-range normalized,0.1482408131352619,0.049374511336982015,0.0028537920250195463,0.32,0.8517591868647381,0.950625488663018,0.78,0.9971462079749804,0.7799061767005473,21,16
GradientBoostingRegressor,,0.32,37.92,12.63,0.56,0.73,13.1,268.9,255.8,,,SOC-range normalized,0.1482408131352619,0.049374511336982015,0.0028537920250195463,0.32,0.8517591868647381,0.950625488663018,0.78,0.9971462079749804,0.7799061767005473,21,16
HistGradientBoostingRegressor,,0.32,38.15,12.94,0.56,0.65,13.1,268.9,255.8,,,SOC-range normalized,0.14913995308835026,0.05058639562157936,0.0025410476935105552,0.32,0.8508600469116497,0.9494136043784206,0.78,0.9974589523064894,0.779546520719312,23,18
HistGradientBoostingRegressor,,0.32,38.15,12.94,0.56,0.65,13.1,268.9,255.8,,,SOC-range normalized,0.14913995308835026,0.05058639562157936,0.0025410476935105552,0.32,0.8508600469116497,0.9494136043784206,0.78,0.9974589523064894,0.779546520719312,23,18
BaggingRegressor,,0.25,25.4,19.0,0.5,10.18,3.3,510.7,507.4,,,SOC-range normalized,0.05005912495072921,0.037445802128498226,0.020063066614111155,0.25,0.9499408750492708,0.9625541978715018,0.75,0.9799369333858888,0.7784864012613323,25,1
VotingRegressor,,0.25,27.13,19.76,0.5,9.42,3.3,510.7,507.4,,,SOC-range normalized,0.05346866377611352,0.03894363421363816,0.018565234528971228,0.25,0.9465313362238865,0.9610563657863619,0.75,0.9814347654710288,0.7778044934962555,26,2
ExtraTreesRegressor,,0.31,38.36,12.87,0.56,0.3,13.1,268.9,255.8,,,SOC-range normalized,0.14996090695856137,0.050312744331508986,0.0011727912431587176,0.31,0.8500390930414387,0.949687255668491,0.78,0.9988272087568413,0.7777107114933542,27,20
ExtraTreesRegressor,,0.31,38.36,12.87,0.56,0.3,13.1,268.9,255.8,,,SOC-range normalized,0.14996090695856137,0.050312744331508986,0.0011727912431587176,0.31,0.8500390930414387,0.949687255668491,0.78,0.9988272087568413,0.7777107114933542,27,20
RandomForestRegressor,,0.31,38.39,13.02,0.55,0.78,13.1,268.9,255.8,,,SOC-range normalized,0.15007818608287724,0.05089913995308835,0.0030492572322126663,0.31,0.8499218139171227,0.9491008600469116,0.775,0.9969507427677873,0.7761946833463643,29,22
RandomForestRegressor,,0.31,38.39,13.02,0.55,0.78,13.1,268.9,255.8,,,SOC-range normalized,0.15007818608287724,0.05089913995308835,0.0030492572322126663,0.31,0.8499218139171227,0.9491008600469116,0.775,0.9969507427677873,0.7761946833463643,29,22
RandomForestRegressor,,0.31,38.43,12.86,0.55,1.18,13.1,268.9,255.8,,,SOC-range normalized,0.15023455824863174,0.050273651290070366,0.004612978889757623,0.31,0.8497654417513683,0.9497263487099297,0.775,0.9953870211102424,0.7759757623143081,31,24
RandomForestRegressor,,0.31,38.43,12.86,0.55,1.18,13.1,268.9,255.8,,,SOC-range normalized,0.15023455824863174,0.050273651290070366,0.004612978889757623,0.31,0.8497654417513683,0.9497263487099297,0.775,0.9953870211102424,0.7759757623143081,31,24
HistGradientBoostingRegressor,,0.3,38.32,13.69,0.55,2.09,13.1,268.9,255.8,,,SOC-range normalized,0.14980453479280686,0.05351837372947615,0.008170445660672399,0.3,0.8501954652071931,0.9464816262705239,0.775,0.9918295543393276,0.7727013291634088,33,26
HistGradientBoostingRegressor,,0.3,38.32,13.69,0.55,2.09,13.1,268.9,255.8,,,SOC-range normalized,0.14980453479280686,0.05351837372947615,0.008170445660672399,0.3,0.8501954652071931,0.9464816262705239,0.775,0.9918295543393276,0.7727013291634088,33,26
BaggingRegressor,,0.28,38.07,13.64,0.53,1.91,13.1,268.9,255.8,,,SOC-range normalized,0.14882720875684127,0.05332290852228303,0.007466770914777169,0.28,0.8511727912431587,0.946677091477717,0.765,0.9925332290852228,0.7670766223612197,36,28
BaggingRegressor,,0.28,38.07,13.64,0.53,1.91,13.1,268.9,255.8,,,SOC-range normalized,0.14882720875684127,0.05332290852228303,0.007466770914777169,0.28,0.8511727912431587,0.946677091477717,0.765,0.9925332290852228,0.7670766223612197,36,28
AdaBoostRegressor,,0.29,39.77,16.22,0.54,5.39,13.1,268.9,255.8,,,SOC-range normalized,0.15547302580140734,0.06340891321344799,0.021071149335418295,0.29,0.8445269741985927,0.936591086786552,0.77,0.9789288506645817,0.7640093823299453,38,30
AdaBoostRegressor,,0.29,39.77,16.22,0.54,5.39,13.1,268.9,255.8,,,SOC-range normalized,0.15547302580140734,0.06340891321344799,0.021071149335418295,0.29,0.8445269741985927,0.936591086786552,0.77,0.9789288506645817,0.7640093823299453,38,30
VotingRegressor,,0.27,37.85,13.99,0.52,3.73,13.1,268.9,255.8,,,SOC-range normalized,0.14796716184519154,0.05469116497263487,0.014581704456606724,0.27,0.8520328381548085,0.9453088350273652,0.76,0.9854182955433933,0.7625519937451134,40,32
BaggingRegressor,,0.26,64.22,26.08,0.51,-7.02,6.7,486.2,479.5,,,SOC-range normalized,0.13393117831074036,0.05438998957247132,0.014640250260688216,0.26,0.8660688216892596,0.9456100104275287,0.755,0.9853597497393117,0.76240771637122,41,1
HistGradientBoostingRegressor,,0.28,40.01,15.64,0.53,5.05,13.1,268.9,255.8,,,SOC-range normalized,0.15641125879593432,0.06114151681000782,0.01974198592650508,0.28,0.8435887412040657,0.9388584831899922,0.765,0.9802580140734949,0.7615410476935105,42,33
HistGradientBoostingRegressor,,0.28,40.01,15.64,0.53,5.05,13.1,268.9,255.8,,,SOC-range normalized,0.15641125879593432,0.06114151681000782,0.01974198592650508,0.28,0.8435887412040657,0.9388584831899922,0.765,0.9802580140734949,0.7615410476935105,42,33
AdaBoostRegressor,,0.28,39.16,16.19,0.53,6.38,13.1,268.9,255.8,,,SOC-range normalized,0.15308835027365128,0.06329163408913213,0.024941360437842064,0.28,0.8469116497263487,0.9367083659108679,0.765,0.9750586395621579,0.7607357310398749,44,35
AdaBoostRegressor,,0.28,39.16,16.19,0.53,6.38,13.1,268.9,255.8,,,SOC-range normalized,0.15308835027365128,0.06329163408913213,0.024941360437842064,0.28,0.8469116497263487,0.9367083659108679,0.765,0.9750586395621579,0.7607357310398749,44,35
VotingRegressor,,0.26,39.06,14.49,0.51,4.01,13.1,268.9,255.8,,,SOC-range normalized,0.15269741985926505,0.05664581704456607,0.015676309616888193,0.26,0.847302580140735,0.9433541829554339,0.755,0.9843236903831118,0.7579960906958562,46,37
VotingRegressor,,0.26,39.06,14.49,0.51,4.01,13.1,268.9,255.8,,,SOC-range normalized,0.15269741985926505,0.05664581704456607,0.015676309616888193,0.26,0.847302580140735,0.9433541829554339,0.755,0.9843236903831118,0.7579960906958562,46,37
HistGradientBoostingRegressor,,0.36,32.12,21.59,0.6,-7.39,36.2,197.0,160.8,,,SOC-range normalized,0.1997512437810945,0.13426616915422884,0.04595771144278606,0.36,0.8002487562189056,0.8657338308457712,0.8,0.954042288557214,0.7560049751243781,48,1
HistGradientBoostingRegressor,,0.36,32.12,21.59,0.6,-7.39,36.2,197.0,160.8,,,SOC-range normalized,0.1997512437810945,0.13426616915422884,0.04595771144278606,0.36,0.8002487562189056,0.8657338308457712,0.8,0.954042288557214,0.7560049751243781,48,1
AdaBoostRegressor,,0.26,59.0,35.8,0.51,-1.17,19.4,419.9,400.5,,,SOC-range normalized,0.14731585518102372,0.08938826466916354,0.0029213483146067415,0.26,0.8526841448189763,0.9106117353308365,0.755,0.9970786516853932,0.7550749063670412,50,1
AdaBoostRegressor,,0.26,59.0,35.8,0.51,-1.17,19.4,419.9,400.5,,,SOC-range normalized,0.14731585518102372,0.08938826466916354,0.0029213483146067415,0.26,0.8526841448189763,0.9106117353308365,0.755,0.9970786516853932,0.7550749063670412,50,1
RandomForestRegressor,,0.34,33.18,22.49,0.59,-7.02,36.2,197.0,160.8,,,SOC-range normalized,0.20634328358208953,0.13986318407960197,0.04365671641791044,0.34,0.7936567164179105,0.860136815920398,0.7949999999999999,0.9563432835820895,0.7490273631840797,53,3
RandomForestRegressor,,0.34,33.1,22.25,0.58,-7.2,36.2,197.0,160.8,,,SOC-range normalized,0.2058457711442786,0.13837064676616914,0.04477611940298507,0.34,0.7941542288557214,0.8616293532338308,0.79,0.9552238805970149,0.7482014925373134,54,4
RandomForestRegressor,,0.34,33.1,22.25,0.58,-7.2,36.2,197.0,160.8,,,SOC-range normalized,0.2058457711442786,0.13837064676616914,0.04477611940298507,0.34,0.7941542288557214,0.8616293532338308,0.79,0.9552238805970149,0.7482014925373134,54,4
ExtraTreesRegressor,,0.33,32.92,22.66,0.57,-4.95,36.2,197.0,160.8,,,SOC-range normalized,0.20472636815920398,0.14092039800995024,0.030783582089552237,0.33,0.795273631840796,0.8590796019900497,0.7849999999999999,0.9692164179104478,0.7477139303482587,56,6
AdaBoostRegressor,,0.27,41.03,22.5,0.52,13.34,13.1,268.9,255.8,,,SOC-range normalized,0.16039874902267395,0.08795934323690383,0.05215011727912431,0.27,0.8396012509773261,0.9120406567630962,0.76,0.9478498827208757,0.7458983580922596,57,39
AdaBoostRegressor,,0.27,41.03,22.5,0.52,13.34,13.1,268.9,255.8,,,SOC-range normalized,0.16039874902267395,0.08795934323690383,0.05215011727912431,0.27,0.8396012509773261,0.9120406567630962,0.76,0.9478498827208757,0.7458983580922596,57,39
GradientBoostingRegressor,,0.3,33.82,22.25,0.55,-4.93,36.2,197.0,160.8,,,SOC-range normalized,0.2103233830845771,0.13837064676616914,0.030659203980099498,0.3,0.7896766169154229,0.8616293532338308,0.775,0.9693407960199005,0.7391293532338309,61,7
GradientBoostingRegressor,,0.3,33.82,22.25,0.55,-4.93,36.2,197.0,160.8,,,SOC-range normalized,0.2103233830845771,0.13837064676616914,0.030659203980099498,0.3,0.7896766169154229,0.8616293532338308,0.775,0.9693407960199005,0.7391293532338309,61,7
BaggingRegressor,,0.3,71.58,49.31,0.55,7.42,12.4,343.2,330.8,,,SOC-range normalized,0.21638452237001207,0.14906287787182587,0.022430471584038693,0.3,0.783615477629988,0.8509371221281741,0.775,0.9775695284159613,0.7374244256348247,65,1
BaggingRegressor,,0.3,71.58,49.31,0.55,7.42,12.4,343.2,330.8,,,SOC-range normalized,0.21638452237001207,0.14906287787182587,0.022430471584038693,0.3,0.783615477629988,0.8509371221281741,0.775,0.9775695284159613,0.7374244256348247,65,1
ExtraTreesRegressor,,0.34,43.81,19.08,0.58,-2.68,63.8,210.4,146.6,,,SOC-range normalized,0.2988403819918145,0.13015006821282402,0.018281036834924966,0.34,0.7011596180081855,0.869849931787176,0.79,0.981718963165075,0.7365457025920873,67,2
ExtraTreesRegressor,,0.34,43.81,19.08,0.58,-2.68,63.8,210.4,146.6,,,SOC-range normalized,0.2988403819918145,0.13015006821282402,0.018281036834924966,0.34,0.7011596180081855,0.869849931787176,0.79,0.981718963165075,0.7365457025920873,67,2
ExtraTreesRegressor,,0.35,45.36,19.0,0.59,-3.81,63.8,210.4,146.6,,,SOC-range normalized,0.30941336971350614,0.1296043656207367,0.025989085948158255,0.35,0.6905866302864938,0.8703956343792633,0.7949999999999999,0.9740109140518417,0.7359986357435198,69,4
ExtraTreesRegressor,,0.35,45.36,19.0,0.59,-3.81,63.8,210.4,146.6,,,SOC-range normalized,0.30941336971350614,0.1296043656207367,0.025989085948158255,0.35,0.6905866302864938,0.8703956343792633,0.7949999999999999,0.9740109140518417,0.7359986357435198,69,4
GradientBoostingRegressor,,0.3,33.91,22.66,0.55,-7.33,36.2,197.0,160.8,,,SOC-range normalized,0.21088308457711438,0.14092039800995024,0.04558457711442786,0.3,0.7891169154228856,0.8590796019900497,0.775,0.9544154228855721,0.7355223880597015,71,9
RandomForestRegressor,,0.29,33.27,22.24,0.54,-6.7,36.2,197.0,160.8,,,SOC-range normalized,0.20690298507462687,0.13830845771144276,0.041666666666666664,0.29,0.7930970149253731,0.8616915422885573,0.77,0.9583333333333334,0.7346243781094528,72,10
RandomForestRegressor,,0.29,33.27,22.24,0.54,-6.7,36.2,197.0,160.8,,,SOC-range normalized,0.20690298507462687,0.13830845771144276,0.041666666666666664,0.29,0.7930970149253731,0.8616915422885573,0.77,0.9583333333333334,0.7346243781094528,72,10
HistGradientBoostingRegressor,,0.35,45.68,19.55,0.59,-4.09,63.8,210.4,146.6,,,SOC-range normalized,0.3115961800818554,0.13335607094133697,0.027899045020463847,0.35,0.6884038199181446,0.866643929058663,0.7949999999999999,0.9721009549795362,0.7344297407912688,74,6
HistGradientBoostingRegressor,,0.35,45.68,19.55,0.59,-4.09,63.8,210.4,146.6,,,SOC-range normalized,0.3115961800818554,0.13335607094133697,0.027899045020463847,0.35,0.6884038199181446,0.866643929058663,0.7949999999999999,0.9721009549795362,0.7344297407912688,74,6
ExtraTreesRegressor,,0.29,33.43,22.62,0.54,-6.88,36.2,197.0,160.8,,,SOC-range normalized,0.20789800995024874,0.14067164179104477,0.04278606965174129,0.29,0.7921019900497512,0.8593283582089553,0.77,0.9572139303482587,0.733728855721393,76,12
ExtraTreesRegressor,,0.29,33.43,22.62,0.54,-6.88,36.2,197.0,160.8,,,SOC-range normalized,0.20789800995024874,0.14067164179104477,0.04278606965174129,0.29,0.7921019900497512,0.8593283582089553,0.77,0.9572139303482587,0.733728855721393,76,12
GradientBoostingRegressor,,0.34,44.93,19.36,0.58,-3.71,63.8,210.4,146.6,,,SOC-range normalized,0.30648021828103683,0.1320600272851296,0.025306957708049114,0.34,0.6935197817189631,0.8679399727148704,0.79,0.9746930422919509,0.7332305593451569,78,8
GradientBoostingRegressor,,0.34,44.93,19.36,0.58,-3.71,63.8,210.4,146.6,,,SOC-range normalized,0.30648021828103683,0.1320600272851296,0.025306957708049114,0.34,0.6935197817189631,0.8679399727148704,0.79,0.9746930422919509,0.7332305593451569,78,8
VotingRegressor,,0.32,45.05,20.23,0.57,0.56,63.8,210.4,146.6,,,SOC-range normalized,0.3072987721691678,0.13799454297407915,0.0038199181446111874,0.32,0.6927012278308322,0.8620054570259208,0.7849999999999999,0.9961800818553889,0.7311773533424284,80,10
VotingRegressor,,0.32,45.05,20.23,0.57,0.56,63.8,210.4,146.6,,,SOC-range normalized,0.3072987721691678,0.13799454297407915,0.0038199181446111874,0.32,0.6927012278308322,0.8620054570259208,0.7849999999999999,0.9961800818553889,0.7311773533424284,80,10
VotingRegressor,,0.28,34.42,22.73,0.53,-5.68,36.2,197.0,160.8,,,SOC-range normalized,0.2140547263681592,0.14135572139303482,0.03532338308457711,0.28,0.7859452736318409,0.8586442786069652,0.765,0.9646766169154228,0.7308532338308458,82,14
RandomForestRegressor,,0.28,33.64,22.83,0.53,-6.88,36.2,197.0,160.8,,,SOC-range normalized,0.20920398009950247,0.14197761194029848,0.04278606965174129,0.28,0.7907960199004975,0.8580223880597015,0.765,0.9572139303482587,0.7302064676616916,83,15
RandomForestRegressor,,0.28,33.64,22.83,0.53,-6.88,36.2,197.0,160.8,,,SOC-range normalized,0.20920398009950247,0.14197761194029848,0.04278606965174129,0.28,0.7907960199004975,0.8580223880597015,0.765,0.9572139303482587,0.7302064676616916,83,15
RandomForestRegressor,,0.32,44.69,19.48,0.56,-2.13,63.8,210.4,146.6,,,SOC-range normalized,0.3048431105047749,0.13287858117326057,0.014529331514324693,0.32,0.6951568894952251,0.8671214188267394,0.78,0.9854706684856753,0.729549795361528,87,12
RandomForestRegressor,,0.27,33.61,22.01,0.52,-5.98,36.2,197.0,160.8,,,SOC-range normalized,0.20901741293532336,0.13687810945273632,0.03718905472636816,0.27,0.7909825870646766,0.8631218905472637,0.76,0.9628109452736319,0.7293830845771144,88,17
RandomForestRegressor,,0.27,33.61,22.01,0.52,-5.98,36.2,197.0,160.8,,,SOC-range normalized,0.20901741293532336,0.13687810945273632,0.03718905472636816,0.27,0.7909825870646766,0.8631218905472637,0.76,0.9628109452736319,0.7293830845771144,88,17
RandomForestRegressor,,0.32,45.61,19.44,0.57,-2.84,63.8,210.4,146.6,,,SOC-range normalized,0.311118690313779,0.13260572987721694,0.01937244201909959,0.32,0.688881309686221,0.867394270122783,0.7849999999999999,0.9806275579809004,0.7283806275579809,90,13
RandomForestRegressor,,0.32,45.61,19.44,0.57,-2.84,63.8,210.4,146.6,,,SOC-range normalized,0.311118690313779,0.13260572987721694,0.01937244201909959,0.32,0.688881309686221,0.867394270122783,0.7849999999999999,0.9806275579809004,0.7283806275579809,90,13
ExtraTreesRegressor,,0.28,34.42,23.17,0.53,-7.56,36.2,197.0,160.8,,,SOC-range normalized,0.2140547263681592,0.14409203980099503,0.04701492537313432,0.28,0.7859452736318409,0.855907960199005,0.765,0.9529850746268657,0.7279676616915423,92,19
ExtraTreesRegressor,,0.28,34.42,23.17,0.53,-7.56,36.2,197.0,160.8,,,SOC-range normalized,0.2140547263681592,0.14409203980099503,0.04701492537313432,0.28,0.7859452736318409,0.855907960199005,0.765,0.9529850746268657,0.7279676616915423,92,19
GradientBoostingRegressor,,0.32,45.26,19.15,0.56,-3.29,63.8,210.4,146.6,,,SOC-range normalized,0.308731241473397,0.1306275579809004,0.022442019099590725,0.32,0.6912687585266031,0.8693724420190996,0.78,0.9775579809004092,0.7276398362892225,94,15
GradientBoostingRegressor,,0.32,45.26,19.15,0.56,-3.29,63.8,210.4,146.6,,,SOC-range normalized,0.308731241473397,0.1306275579809004,0.022442019099590725,0.32,0.6912687585266031,0.8693724420190996,0.78,0.9775579809004092,0.7276398362892225,94,15
ExtraTreesRegressor,,0.27,33.85,22.4,0.52,-6.99,36.2,197.0,160.8,,,SOC-range normalized,0.2105099502487562,0.13930348258706465,0.04347014925373134,0.27,0.7894900497512438,0.8606965174129353,0.76,0.9565298507462686,0.7273432835820896,96,21
ExtraTreesRegressor,,0.27,33.85,22.4,0.52,-6.99,36.2,197.0,160.8,,,SOC-range normalized,0.2105099502487562,0.13930348258706465,0.04347014925373134,0.27,0.7894900497512438,0.8606965174129353,0.76,0.9565298507462686,0.7273432835820896,96,21
RandomForestRegressor,,0.31,44.68,19.11,0.56,-2.94,63.8,210.4,146.6,,,SOC-range normalized,0.304774897680764,0.13035470668485674,0.02005457025920873,0.31,0.695225102319236,0.8696452933151433,0.78,0.9799454297407912,0.7269631650750341,98,17
RandomForestRegressor,,0.31,44.68,19.11,0.56,-2.94,63.8,210.4,146.6,,,SOC-range normalized,0.304774897680764,0.13035470668485674,0.02005457025920873,0.31,0.695225102319236,0.8696452933151433,0.78,0.9799454297407912,0.7269631650750341,98,17
GradientBoostingRegressor,,0.32,45.71,18.87,0.56,-4.39,63.8,210.4,146.6,,,SOC-range normalized,0.31180081855388814,0.12871759890859483,0.029945429740791268,0.32,0.6881991814461119,0.8712824010914052,0.78,0.9700545702592087,0.7259072305593453,100,19
GradientBoostingRegressor,,0.32,45.71,18.87,0.56,-4.39,63.8,210.4,146.6,,,SOC-range normalized,0.31180081855388814,0.12871759890859483,0.029945429740791268,0.32,0.6881991814461119,0.8712824010914052,0.78,0.9700545702592087,0.7259072305593453,100,19
GradientBoostingRegressor,,0.25,72.12,50.39,0.5,-1.45,12.4,343.2,330.8,,,SOC-range normalized,0.21801692865779929,0.15232769044740024,0.004383313180169286,0.25,0.7819830713422007,0.8476723095525998,0.75,0.9956166868198307,0.7250544135429263,102,3
GradientBoostingRegressor,,0.25,72.12,50.39,0.5,-1.45,12.4,343.2,330.8,,,SOC-range normalized,0.21801692865779929,0.15232769044740024,0.004383313180169286,0.25,0.7819830713422007,0.8476723095525998,0.75,0.9956166868198307,0.7250544135429263,102,3
ExtraTreesRegressor,,0.31,46.26,19.27,0.56,-4.12,63.8,210.4,146.6,,,SOC-range normalized,0.3155525238744884,0.13144611186903138,0.02810368349249659,0.31,0.6844474761255116,0.8685538881309687,0.78,0.9718963165075034,0.7229795361527966,104,21
ExtraTreesRegressor,,0.31,46.26,19.27,0.56,-4.12,63.8,210.4,146.6,,,SOC-range normalized,0.3155525238744884,0.13144611186903138,0.02810368349249659,0.31,0.6844474761255116,0.8685538881309687,0.78,0.9718963165075034,0.7229795361527966,104,21
ExtraTreesRegressor,,0.31,46.26,19.09,0.55,-4.79,63.8,210.4,146.6,,,SOC-range normalized,0.3155525238744884,0.13021828103683492,0.03267394270122783,0.31,0.6844474761255116,0.8697817189631651,0.775,0.9673260572987722,0.7213110504774898,108,23
ExtraTreesRegressor,,0.31,46.26,19.09,0.55,-4.79,63.8,210.4,146.6,,,SOC-range normalized,0.3155525238744884,0.13021828103683492,0.03267394270122783,0.31,0.6844474761255116,0.8697817189631651,0.775,0.9673260572987722,0.7213110504774898,108,23
RandomForestRegressor,,0.3,45.92,20.15,0.55,-2.67,63.8,210.4,146.6,,,SOC-range normalized,0.3132332878581173,0.13744884038199182,0.018212824010914053,0.3,0.6867667121418827,0.8625511596180082,0.775,0.9817871759890859,0.7212210095497953,110,25
RandomForestRegressor,,0.3,45.92,20.15,0.55,-2.67,63.8,210.4,146.6,,,SOC-range normalized,0.3132332878581173,0.13744884038199182,0.018212824010914053,0.3,0.6867667121418827,0.8625511596180082,0.775,0.9817871759890859,0.7212210095497953,110,25
ExtraTreesRegressor,,0.29,44.76,20.14,0.54,-1.72,63.8,210.4,146.6,,,SOC-range normalized,0.3053206002728513,0.13738062755798092,0.011732605729877218,0.29,0.6946793997271488,0.862619372442019,0.77,0.9882673942701228,0.721113233287858,112,27
ExtraTreesRegressor,,0.25,34.27,22.69,0.5,-7.19,36.2,197.0,160.8,,,SOC-range normalized,0.2131218905472637,0.14110696517412935,0.044713930348258706,0.25,0.7868781094527363,0.8588930348258706,0.75,0.9552860696517413,0.7202114427860697,113,23
ExtraTreesRegressor,,0.25,34.27,22.69,0.5,-7.19,36.2,197.0,160.8,,,SOC-range normalized,0.2131218905472637,0.14110696517412935,0.044713930348258706,0.25,0.7868781094527363,0.8588930348258706,0.75,0.9552860696517413,0.7202114427860697,113,23
HistGradientBoostingRegressor,,0.25,34.25,22.81,0.5,-7.23,36.2,197.0,160.8,,,SOC-range normalized,0.21299751243781093,0.14185323383084575,0.04496268656716418,0.25,0.787002487562189,0.8581467661691542,0.75,0.9550373134328358,0.720037313432836,115,25
HistGradientBoostingRegressor,,0.25,34.25,22.81,0.5,-7.23,36.2,197.0,160.8,,,SOC-range normalized,0.21299751243781093,0.14185323383084575,0.04496268656716418,0.25,0.787002487562189,0.8581467661691542,0.75,0.9550373134328358,0.720037313432836,115,25
HistGradientBoostingRegressor,,0.3,45.85,19.17,0.55,-4.6,63.8,210.4,146.6,,,SOC-range normalized,0.31275579809004095,0.13076398362892225,0.03137789904502046,0.3,0.687244201909959,0.8692360163710777,0.775,0.9686221009549796,0.7200204638472032,117,28
HistGradientBoostingRegressor,,0.3,45.85,19.17,0.55,-4.6,63.8,210.4,146.6,,,SOC-range normalized,0.31275579809004095,0.13076398362892225,0.03137789904502046,0.3,0.687244201909959,0.8692360163710777,0.775,0.9686221009549796,0.7200204638472032,117,28
VotingRegressor,,0.27,86.25,57.06,0.52,2.25,12.4,343.2,330.8,,,SOC-range normalized,0.2607315598548972,0.17249093107617897,0.006801692865779928,0.27,0.7392684401451028,0.827509068923821,0.76,0.9931983071342201,0.7179951632406288,119,5
VotingRegressor,,0.28,44.78,20.4,0.53,-1.64,63.8,210.4,146.6,,,SOC-range normalized,0.30545702592087315,0.13915416098226466,0.011186903137789904,0.28,0.6945429740791269,0.8608458390177354,0.765,0.9888130968622101,0.7178403819918145,120,30
BaggingRegressor,,0.29,46.39,20.51,0.54,-3.79,63.8,210.4,146.6,,,SOC-range normalized,0.3164392905866303,0.13990450204638474,0.025852660300136426,0.29,0.6835607094133698,0.8600954979536153,0.77,0.9741473396998636,0.7155607094133697,121,31
BaggingRegressor,,0.29,46.39,20.51,0.54,-3.79,63.8,210.4,146.6,,,SOC-range normalized,0.3164392905866303,0.13990450204638474,0.025852660300136426,0.29,0.6835607094133698,0.8600954979536153,0.77,0.9741473396998636,0.7155607094133697,121,31
GradientBoostingRegressor,,0.26,86.61,55.59,0.51,-4.63,12.4,343.2,330.8,,,SOC-range normalized,0.261819830713422,0.1680471584038694,0.013996372430471584,0.26,0.7381801692865779,0.8319528415961306,0.755,0.9860036275695284,0.7142273276904474,123,6
GradientBoostingRegressor,,0.26,88.34,58.67,0.51,0.53,12.4,343.2,330.8,,,SOC-range normalized,0.267049576783555,0.17735792019347038,0.0016021765417170496,0.26,0.732950423216445,0.8226420798065296,0.755,0.998397823458283,0.7137980652962514,124,7
GradientBoostingRegressor,,0.26,88.34,58.67,0.51,0.53,12.4,343.2,330.8,,,SOC-range normalized,0.267049576783555,0.17735792019347038,0.0016021765417170496,0.26,0.732950423216445,0.8226420798065296,0.755,0.998397823458283,0.7137980652962514,124,7
AdaBoostRegressor,,0.28,47.25,20.03,0.53,-4.28,63.8,210.4,146.6,,,SOC-range normalized,0.3223055934515689,0.13663028649386086,0.029195088676671217,0.28,0.6776944065484312,0.8633697135061391,0.765,0.9708049113233288,0.7113738062755799,126,33
AdaBoostRegressor,,0.28,47.25,20.03,0.53,-4.28,63.8,210.4,146.6,,,SOC-range normalized,0.3223055934515689,0.13663028649386086,0.029195088676671217,0.28,0.6776944065484312,0.8633697135061391,0.765,0.9708049113233288,0.7113738062755799,126,33
AdaBoostRegressor,,0.27,46.66,19.38,0.52,-3.43,63.8,210.4,146.6,,,SOC-range normalized,0.318281036834925,0.13219645293315144,0.023396998635743523,0.27,0.6817189631650751,0.8678035470668486,0.76,0.9766030013642565,0.7112251023192361,128,35
AdaBoostRegressor,,0.27,46.66,19.38,0.52,-3.43,63.8,210.4,146.6,,,SOC-range normalized,0.318281036834925,0.13219645293315144,0.023396998635743523,0.27,0.6817189631650751,0.8678035470668486,0.76,0.9766030013642565,0.7112251023192361,128,35
GradientBoostingRegressor,,0.26,45.4,20.19,0.51,-1.88,63.8,210.4,146.6,,,SOC-range normalized,0.3096862210095498,0.1377216916780355,0.012824010914051841,0.26,0.6903137789904502,0.8622783083219645,0.755,0.9871759890859482,0.7109536152796725,130,37
RandomForestRegressor,,0.27,47.08,19.78,0.52,-2.98,63.8,210.4,146.6,,,SOC-range normalized,0.32114597544338336,0.13492496589358802,0.020327421555252388,0.27,0.6788540245566166,0.865075034106412,0.76,0.9796725784447476,0.7107203274215552,131,38
RandomForestRegressor,,0.27,47.08,19.78,0.52,-2.98,63.8,210.4,146.6,,,SOC-range normalized,0.32114597544338336,0.13492496589358802,0.020327421555252388,0.27,0.6788540245566166,0.865075034106412,0.76,0.9796725784447476,0.7107203274215552,131,38
BaggingRegressor,,0.25,46.82,20.29,0.5,-3.59,63.8,210.4,146.6,,,SOC-range normalized,0.3193724420190996,0.1384038199181446,0.024488403819918146,0.25,0.6806275579809005,0.8615961800818555,0.75,0.9755115961800819,0.7035470668485675,137,40
BaggingRegressor,,0.25,46.82,20.29,0.5,-3.59,63.8,210.4,146.6,,,SOC-range normalized,0.3193724420190996,0.1384038199181446,0.024488403819918146,0.25,0.6806275579809005,0.8615961800818555,0.75,0.9755115961800819,0.7035470668485675,137,40
BaggingRegressor,,0.3,98.64,67.48,0.54,-6.46,12.3,285.8,273.5,,,SOC-range normalized,0.3606581352833638,0.24672760511883,0.023619744058500914,0.3,0.6393418647166362,0.75327239488117,0.77,0.9763802559414991,0.6877989031078611,141,1
BaggingRegressor,,0.3,98.64,67.48,0.54,-6.46,12.3,285.8,273.5,,,SOC-range normalized,0.3606581352833638,0.24672760511883,0.023619744058500914,0.3,0.6393418647166362,0.75327239488117,0.77,0.9763802559414991,0.6877989031078611,141,1
ExtraTreesRegressor,,0.44,67.09,40.01,0.67,3.24,23.2,81.8,58.6,,,SOC-range normalized,1.1448805460750853,0.6827645051194539,0.0552901023890785,0.44,0.0,0.31723549488054614,0.835,0.9447098976109215,0.5073890784982935,192,1
ExtraTreesRegressor,,0.44,67.09,40.01,0.67,3.24,23.2,81.8,58.6,,,SOC-range normalized,1.1448805460750853,0.6827645051194539,0.0552901023890785,0.44,0.0,0.31723549488054614,0.835,0.9447098976109215,0.5073890784982935,192,1
AdaBoostRegressor,,0.45,67.58,37.67,0.67,-7.54,23.2,81.8,58.6,,,SOC-range normalized,1.1532423208191125,0.6428327645051195,0.1286689419795222,0.45,0.0,0.3571672354948805,0.835,0.8713310580204778,0.5026996587030717,194,3
AdaBoostRegressor,,0.45,67.58,37.67,0.67,-7.54,23.2,81.8,58.6,,,SOC-range normalized,1.1532423208191125,0.6428327645051195,0.1286689419795222,0.45,0.0,0.3571672354948805,0.835,0.8713310580204778,0.5026996587030717,194,3
GradientBoostingRegressor,,0.4,69.36,41.01,0.64,2.51,23.2,81.8,58.6,,,SOC-range normalized,1.183617747440273,0.6998293515358361,0.04283276450511945,0.4,0.0,0.30017064846416386,0.8200000000000001,0.9571672354948806,0.4954675767918089,197,5
GradientBoostingRegressor,,0.4,69.36,41.01,0.64,2.51,23.2,81.8,58.6,,,SOC-range normalized,1.183617747440273,0.6998293515358361,0.04283276450511945,0.4,0.0,0.30017064846416386,0.8200000000000001,0.9571672354948806,0.4954675767918089,197,5
HistGradientBoostingRegressor,,0.44,70.11,39.06,0.66,-7.48,23.2,81.8,58.6,,,SOC-range normalized,1.1964163822525598,0.6665529010238908,0.12764505119453926,0.44,0.0,0.33344709897610925,0.8300000000000001,0.8723549488054607,0.495160409556314,199,7
HistGradientBoostingRegressor,,0.44,70.11,39.06,0.66,-7.48,23.2,81.8,58.6,,,SOC-range normalized,1.1964163822525598,0.6665529010238908,0.12764505119453926,0.44,0.0,0.33344709897610925,0.8300000000000001,0.8723549488054607,0.495160409556314,199,7
VotingRegressor,,0.42,68.8,41.77,0.65,4.54,23.2,81.8,58.6,,,SOC-range normalized,1.174061433447099,0.7127986348122868,0.07747440273037542,0.42,0.0,0.2872013651877132,0.825,0.9225255972696246,0.49094539249146757,201,9
VotingRegressor,,0.42,68.8,41.77,0.65,4.54,23.2,81.8,58.6,,,SOC-range normalized,1.174061433447099,0.7127986348122868,0.07747440273037542,0.42,0.0,0.2872013651877132,0.825,0.9225255972696246,0.49094539249146757,201,9
RandomForestRegressor,,0.41,69.21,41.38,0.64,4.71,23.2,81.8,58.6,,,SOC-range normalized,1.1810580204778156,0.7061433447098976,0.0803754266211604,0.41,0.0,0.2938566552901024,0.8200000000000001,0.9196245733788396,0.48869624573378845,203,11
RandomForestRegressor,,0.41,69.21,41.38,0.64,4.71,23.2,81.8,58.6,,,SOC-range normalized,1.1810580204778156,0.7061433447098976,0.0803754266211604,0.41,0.0,0.2938566552901024,0.8200000000000001,0.9196245733788396,0.48869624573378845,203,11
GradientBoostingRegressor,,0.37,71.21,41.4,0.61,1.54,23.2,81.8,58.6,,,SOC-range normalized,1.2151877133105802,0.7064846416382252,0.02627986348122867,0.37,0.0,0.2935153583617748,0.8049999999999999,0.9737201365187713,0.4884470989761092,205,13
GradientBoostingRegressor,,0.37,71.21,41.4,0.61,1.54,23.2,81.8,58.6,,,SOC-range normalized,1.2151877133105802,0.7064846416382252,0.02627986348122867,0.37,0.0,0.2935153583617748,0.8049999999999999,0.9737201365187713,0.4884470989761092,205,13
AdaBoostRegressor,,0.4,69.71,42.68,0.63,2.7,23.2,81.8,58.6,,,SOC-range normalized,1.1895904436860067,0.7283276450511945,0.04607508532423208,0.4,0.0,0.2716723549488055,0.815,0.9539249146757679,0.4881194539249146,207,15
AdaBoostRegressor,,0.4,69.71,42.68,0.63,2.7,23.2,81.8,58.6,,,SOC-range normalized,1.1895904436860067,0.7283276450511945,0.04607508532423208,0.4,0.0,0.2716723549488055,0.815,0.9539249146757679,0.4881194539249146,207,15
RandomForestRegressor,,0.41,69.2,42.16,0.64,4.29,23.2,81.8,58.6,,,SOC-range normalized,1.180887372013652,0.7194539249146757,0.07320819112627987,0.41,0.0,0.28054607508532425,0.8200000000000001,0.9267918088737201,0.4874675767918089,209,17
RandomForestRegressor,,0.41,69.2,42.16,0.64,4.29,23.2,81.8,58.6,,,SOC-range normalized,1.180887372013652,0.7194539249146757,0.07320819112627987,0.41,0.0,0.28054607508532425,0.8200000000000001,0.9267918088737201,0.4874675767918089,209,17
HistGradientBoostingRegressor,,0.36,71.94,41.52,0.6,1.82,23.2,81.8,58.6,,,SOC-range normalized,1.2276450511945391,0.7085324232081912,0.0310580204778157,0.36,0.0,0.2914675767918088,0.8,0.9689419795221843,0.48408191126279865,211,19
HistGradientBoostingRegressor,,0.36,71.94,41.52,0.6,1.82,23.2,81.8,58.6,,,SOC-range normalized,1.2276450511945391,0.7085324232081912,0.0310580204778157,0.36,0.0,0.2914675767918088,0.8,0.9689419795221843,0.48408191126279865,211,19
AdaBoostRegressor,,0.35,72.49,43.29,0.59,-0.01,23.2,81.8,58.6,,,SOC-range normalized,1.2370307167235495,0.7387372013651877,0.00017064846416382253,0.35,0.0,0.2612627986348123,0.7949999999999999,0.9998293515358362,0.4812184300341297,213,21
AdaBoostRegressor,,0.35,72.49,43.29,0.59,-0.01,23.2,81.8,58.6,,,SOC-range normalized,1.2370307167235495,0.7387372013651877,0.00017064846416382253,0.35,0.0,0.2612627986348123,0.7949999999999999,0.9998293515358362,0.4812184300341297,213,21
BaggingRegressor,,0.32,74.02,41.51,0.57,0.24,23.2,81.8,58.6,,,SOC-range normalized,1.2631399317406142,0.7083617747440273,0.004095563139931741,0.32,0.0,0.2916382252559727,0.7849999999999999,0.9959044368600682,0.4785085324232082,215,23
BaggingRegressor,,0.32,74.02,41.51,0.57,0.24,23.2,81.8,58.6,,,SOC-range normalized,1.2631399317406142,0.7083617747440273,0.004095563139931741,0.32,0.0,0.2916382252559727,0.7849999999999999,0.9959044368600682,0.4785085324232082,215,23
HistGradientBoostingRegressor,,0.34,74.54,40.43,0.58,-2.8,23.2,81.8,58.6,,,SOC-range normalized,1.2720136518771332,0.6899317406143345,0.0477815699658703,0.34,0.0,0.3100682593856655,0.79,0.9522184300341296,0.47845733788395906,217,25
HistGradientBoostingRegressor,,0.34,74.54,40.43,0.58,-2.8,23.2,81.8,58.6,,,SOC-range normalized,1.2720136518771332,0.6899317406143345,0.0477815699658703,0.34,0.0,0.3100682593856655,0.79,0.9522184300341296,0.47845733788395906,217,25
ExtraTreesRegressor,,0.37,71.58,42.31,0.61,4.47,23.2,81.8,58.6,,,SOC-range normalized,1.2215017064846416,0.7220136518771332,0.07627986348122866,0.37,0.0,0.2779863481228668,0.8049999999999999,0.9237201365187714,0.4753412969283276,219,27
ExtraTreesRegressor,,0.37,71.58,42.31,0.61,4.47,23.2,81.8,58.6,,,SOC-range normalized,1.2215017064846416,0.7220136518771332,0.07627986348122866,0.37,0.0,0.2779863481228668,0.8049999999999999,0.9237201365187714,0.4753412969283276,219,27
BaggingRegressor,,0.37,71.43,44.24,0.61,3.38,23.2,81.8,58.6,,,SOC-range normalized,1.2189419795221843,0.7549488054607508,0.05767918088737201,0.37,0.0,0.24505119453924917,0.8049999999999999,0.942320819112628,0.47247440273037544,221,29
BaggingRegressor,,0.37,71.43,44.24,0.61,3.38,23.2,81.8,58.6,,,SOC-range normalized,1.2189419795221843,0.7549488054607508,0.05767918088737201,0.37,0.0,0.24505119453924917,0.8049999999999999,0.942320819112628,0.47247440273037544,221,29
RandomForestRegressor,,0.38,70.88,43.1,0.62,5.65,23.2,81.8,58.6,,,SOC-range normalized,1.209556313993174,0.7354948805460751,0.09641638225255973,0.38,0.0,0.26450511945392485,0.81,0.9035836177474402,0.47161774744027307,223,31
RandomForestRegressor,,0.38,70.88,43.1,0.62,5.65,23.2,81.8,58.6,,,SOC-range normalized,1.209556313993174,0.7354948805460751,0.09641638225255973,0.38,0.0,0.26450511945392485,0.81,0.9035836177474402,0.47161774744027307,223,31
ExtraTreesRegressor,,0.34,73.44,44.05,0.58,4.0,23.2,81.8,58.6,,,SOC-range normalized,1.2532423208191126,0.7517064846416381,0.06825938566552901,0.34,0.0,0.24829351535836186,0.79,0.931740614334471,0.46200682593856657,225,33
ExtraTreesRegressor,,0.34,73.44,44.05,0.58,4.0,23.2,81.8,58.6,,,SOC-range normalized,1.2532423208191126,0.7517064846416381,0.06825938566552901,0.34,0.0,0.24829351535836186,0.79,0.931740614334471,0.46200682593856657,225,33
BaggingRegressor,,0.34,73.67,44.34,0.59,4.85,23.2,81.8,58.6,,,SOC-range normalized,1.2571672354948806,0.7566552901023891,0.08276450511945392,0.34,0.0,0.24334470989761092,0.7949999999999999,0.9172354948805461,0.45911604095563147,227,35
BaggingRegressor,,0.34,73.67,44.34,0.59,4.85,23.2,81.8,58.6,,,SOC-range normalized,1.2571672354948806,0.7566552901023891,0.08276450511945392,0.34,0.0,0.24334470989761092,0.7949999999999999,0.9172354948805461,0.45911604095563147,227,35
GradientBoostingRegressor,,0.35,73.74,44.12,0.59,6.54,23.2,81.8,58.6,,,SOC-range normalized,1.2583617747440272,0.752901023890785,0.11160409556313992,0.35,0.0,0.24709897610921505,0.7949999999999999,0.8883959044368601,0.456098976109215,229,37
GradientBoostingRegressor,,0.35,73.74,44.12,0.59,6.54,23.2,81.8,58.6,,,SOC-range normalized,1.2583617747440272,0.752901023890785,0.11160409556313992,0.35,0.0,0.24709897610921505,0.7949999999999999,0.8883959044368601,0.456098976109215,229,37
RandomForestRegressor,,0.26,74.38,42.49,0.51,-2.75,23.2,81.8,58.6,,,SOC-range normalized,1.2692832764505118,0.7250853242320819,0.04692832764505119,0.26,0.0,0.27491467576791806,0.755,0.9530716723549488,0.44859726962457336,231,39
AdaBoostRegressor,,0.26,74.73,46.16,0.51,-0.34,23.2,81.8,58.6,,,SOC-range normalized,1.2752559726962458,0.7877133105802047,0.005802047781569966,0.26,0.0,0.21228668941979534,0.755,0.99419795221843,0.4442969283276451,232,40
AdaBoostRegressor,,0.26,75.27,45.62,0.51,1.62,23.2,81.8,58.6,,,SOC-range normalized,1.284470989761092,0.7784982935153583,0.02764505119453925,0.26,0.0,0.22150170648464174,0.755,0.9723549488054608,0.4417713310580205,233,41
AdaBoostRegressor,,0.26,75.27,45.62,0.51,1.62,23.2,81.8,58.6,,,SOC-range normalized,1.284470989761092,0.7784982935153583,0.02764505119453925,0.26,0.0,0.22150170648464174,0.755,0.9723549488054608,0.4417713310580205,233,41
AdaBoostRegressor,,0.28,12.36,10.77,0.53,7.69,14.4,29.6,15.2,,,SOC-range normalized,0.8131578947368421,0.7085526315789473,0.505921052631579,0.28,0.18684210526315792,0.2914473684210527,0.765,0.49407894736842095,0.4034736842105263,235,1
AdaBoostRegressor,,0.28,12.36,10.77,0.53,7.69,14.4,29.6,15.2,,,SOC-range normalized,0.8131578947368421,0.7085526315789473,0.505921052631579,0.28,0.18684210526315792,0.2914473684210527,0.765,0.49407894736842095,0.4034736842105263,235,1
AdaBoostRegressor,,0.92,41.52,22.95,0.96,0.34,,,,,,NOT NORMALIZED: zero SOC range,,,,0.92,,,0.98,,0.95,1,1
AdaBoostRegressor,,0.92,41.52,22.95,0.96,0.34,,,,,,NOT NORMALIZED: zero SOC range,,,,0.92,,,0.98,,0.95,1,1
GradientBoostingRegressor,,0.75,54.58,20.55,0.87,-9.18,,,,,,NOT NORMALIZED: zero SOC range,,,,0.75,,,0.935,,0.8425,3,3
VotingRegressor,,0.73,53.4,22.17,0.85,-6.64,,,,,,NOT NORMALIZED: zero SOC range,,,,0.73,,,0.925,,0.8275,4,4
RandomForestRegressor,,0.66,54.67,21.42,0.81,-7.91,,,,,,NOT NORMALIZED: zero SOC range,,,,0.66,,,0.905,,0.7825,19,5
ExtraTreesRegressor,,0.64,54.67,21.49,0.8,-8.22,,,,,,NOT NORMALIZED: zero SOC range,,,,0.64,,,0.9,,0.77,35,6
VotingRegressor,,0.61,9.43,7.23,0.78,3.92,21.0,21.0,0.0,,,NOT NORMALIZED: zero SOC range,,,,0.61,,,0.89,,0.75,52,1
GradientBoostingRegressor,,0.6,9.24,6.82,0.78,2.7,21.0,21.0,0.0,,,NOT NORMALIZED: zero SOC range,,,,0.6,,,0.89,,0.745,59,2
GradientBoostingRegressor,,0.6,9.24,6.82,0.78,2.7,21.0,21.0,0.0,,,NOT NORMALIZED: zero SOC range,,,,0.6,,,0.89,,0.745,59,2
ExtraTreesRegressor,,0.59,55.97,21.97,0.77,-8.59,,,,,,NOT NORMALIZED: zero SOC range,,,,0.59,,,0.885,,0.7375,63,7
ExtraTreesRegressor,,0.59,55.97,21.97,0.77,-8.59,,,,,,NOT NORMALIZED: zero SOC range,,,,0.59,,,0.885,,0.7375,63,7
GradientBoostingRegressor,,0.58,9.05,6.56,0.76,2.35,21.0,21.0,0.0,,,NOT NORMALIZED: zero SOC range,,,,0.58,,,0.88,,0.73,85,4
GradientBoostingRegressor,,0.58,9.05,6.56,0.76,2.35,21.0,21.0,0.0,,,NOT NORMALIZED: zero SOC range,,,,0.58,,,0.88,,0.73,85,4
RandomForestRegressor,,0.57,9.25,6.51,0.75,2.22,21.0,21.0,0.0,,,NOT NORMALIZED: zero SOC range,,,,0.57,,,0.875,,0.7224999999999999,106,6
RandomForestRegressor,,0.57,9.25,6.51,0.75,2.22,21.0,21.0,0.0,,,NOT NORMALIZED: zero SOC range,,,,0.57,,,0.875,,0.7224999999999999,106,6
GradientBoostingRegressor,,0.55,9.54,6.97,0.74,3.0,21.0,21.0,0.0,,,NOT NORMALIZED: zero SOC range,,,,0.55,,,0.87,,0.71,133,8
GradientBoostingRegressor,,0.55,9.91,7.22,0.74,3.24,21.0,21.0,0.0,,,NOT NORMALIZED: zero SOC range,,,,0.55,,,0.87,,0.71,133,8
GradientBoostingRegressor,,0.55,9.91,7.22,0.74,3.24,21.0,21.0,0.0,,,NOT NORMALIZED: zero SOC range,,,,0.55,,,0.87,,0.71,133,8
ExtraTreesRegressor,,0.55,9.35,6.41,0.74,1.64,21.0,21.0,0.0,,,NOT NORMALIZED: zero SOC range,,,,0.55,,,0.87,,0.71,133,8
RandomForestRegressor,,0.52,56.38,21.91,0.72,-8.31,,,,,,NOT NORMALIZED: zero SOC range,,,,0.52,,,0.86,,0.69,139,9
RandomForestRegressor,,0.52,56.38,21.91,0.72,-8.31,,,,,,NOT NORMALIZED: zero SOC range,,,,0.52,,,0.86,,0.69,139,9
GradientBoostingRegressor,,0.51,55.85,21.59,0.72,-8.79,,,,,,NOT NORMALIZED: zero SOC range,,,,0.51,,,0.86,,0.685,143,11
GradientBoostingRegressor,,0.51,55.85,21.59,0.72,-8.79,,,,,,NOT NORMALIZED: zero SOC range,,,,0.51,,,0.86,,0.685,143,11
BaggingRegressor,,0.5,13.43,8.46,0.71,5.01,21.0,21.0,0.0,,,NOT NORMALIZED: zero SOC range,,,,0.5,,,0.855,,0.6775,145,12
BaggingRegressor,,0.5,13.43,8.46,0.71,5.01,21.0,21.0,0.0,,,NOT NORMALIZED: zero SOC range,,,,0.5,,,0.855,,0.6775,145,12
ExtraTreesRegressor,,0.5,9.92,6.68,0.71,2.07,21.0,21.0,0.0,,,NOT NORMALIZED: zero SOC range,,,,0.5,,,0.855,,0.6775,145,12
ExtraTreesRegressor,,0.5,9.92,6.68,0.71,2.07,21.0,21.0,0.0,,,NOT NORMALIZED: zero SOC range,,,,0.5,,,0.855,,0.6775,145,12
RandomForestRegressor,,0.49,10.21,6.79,0.7,2.39,21.0,21.0,0.0,,,NOT NORMALIZED: zero SOC range,,,,0.49,,,0.85,,0.6699999999999999,149,16
RandomForestRegressor,,0.49,10.21,6.79,0.7,2.39,21.0,21.0,0.0,,,NOT NORMALIZED: zero SOC range,,,,0.49,,,0.85,,0.6699999999999999,149,16
RandomForestRegressor,,0.46,10.49,7.33,0.68,3.02,21.0,21.0,0.0,,,NOT NORMALIZED: zero SOC range,,,,0.46,,,0.8400000000000001,,0.65,151,18
VotingRegressor,,0.46,11.89,9.22,0.68,6.3,21.0,21.0,0.0,,,NOT NORMALIZED: zero SOC range,,,,0.46,,,0.8400000000000001,,0.65,151,18
VotingRegressor,,0.46,11.89,9.22,0.68,6.3,21.0,21.0,0.0,,,NOT NORMALIZED: zero SOC range,,,,0.46,,,0.8400000000000001,,0.65,151,18
ExtraTreesRegressor,,0.45,10.63,6.8,0.67,2.36,21.0,21.0,0.0,,,NOT NORMALIZED: zero SOC range,,,,0.45,,,0.835,,0.6425,154,21
ExtraTreesRegressor,,0.45,10.63,6.8,0.67,2.36,21.0,21.0,0.0,,,NOT NORMALIZED: zero SOC range,,,,0.45,,,0.835,,0.6425,154,21
RandomForestRegressor,,0.43,10.94,7.43,0.65,3.1,21.0,21.0,0.0,,,NOT NORMALIZED: zero SOC range,,,,0.43,,,0.825,,0.6275,156,23
RandomForestRegressor,,0.43,10.94,7.43,0.65,3.1,21.0,21.0,0.0,,,NOT NORMALIZED: zero SOC range,,,,0.43,,,0.825,,0.6275,156,23
GradientBoostingRegressor,,0.42,11.07,7.9,0.65,3.77,21.0,21.0,0.0,,,NOT NORMALIZED: zero SOC range,,,,0.42,,,0.825,,0.6224999999999999,158,25
GradientBoostingRegressor,,0.42,11.07,7.9,0.65,3.77,21.0,21.0,0.0,,,NOT NORMALIZED: zero SOC range,,,,0.42,,,0.825,,0.6224999999999999,158,25
ExtraTreesRegressor,,0.4,11.0,6.99,0.63,1.97,21.0,21.0,0.0,,,NOT NORMALIZED: zero SOC range,,,,0.4,,,0.815,,0.6074999999999999,160,27
ExtraTreesRegressor,,0.4,11.0,6.99,0.63,1.97,21.0,21.0,0.0,,,NOT NORMALIZED: zero SOC range,,,,0.4,,,0.815,,0.6074999999999999,160,27
ExtraTreesRegressor,,0.39,11.17,7.38,0.62,3.04,21.0,21.0,0.0,,,NOT NORMALIZED: zero SOC range,,,,0.39,,,0.81,,0.6000000000000001,162,29
ExtraTreesRegressor,,0.39,11.17,7.38,0.62,3.04,21.0,21.0,0.0,,,NOT NORMALIZED: zero SOC range,,,,0.39,,,0.81,,0.6000000000000001,162,29
AdaBoostRegressor,,0.37,59.38,28.85,0.6,0.18,,,,,,NOT NORMALIZED: zero SOC range,,,,0.37,,,0.8,,0.585,164,13
BaggingRegressor,,0.36,13.51,8.16,0.6,4.07,21.0,21.0,0.0,,,NOT NORMALIZED: zero SOC range,,,,0.36,,,0.8,,0.5800000000000001,165,31
BaggingRegressor,,0.36,13.51,8.16,0.6,4.07,21.0,21.0,0.0,,,NOT NORMALIZED: zero SOC range,,,,0.36,,,0.8,,0.5800000000000001,165,31
HistGradientBoostingRegressor,,0.33,11.93,7.61,0.57,3.59,21.0,21.0,0.0,,,NOT NORMALIZED: zero SOC range,,,,0.33,,,0.7849999999999999,,0.5575,167,33
HistGradientBoostingRegressor,,0.33,11.93,7.61,0.57,3.59,21.0,21.0,0.0,,,NOT NORMALIZED: zero SOC range,,,,0.33,,,0.7849999999999999,,0.5575,167,33
HistGradientBoostingRegressor,,0.32,12.31,8.26,0.57,4.56,21.0,21.0,0.0,,,NOT NORMALIZED: zero SOC range,,,,0.32,,,0.7849999999999999,,0.5525,169,35
HistGradientBoostingRegressor,,0.32,12.31,8.26,0.57,4.56,21.0,21.0,0.0,,,NOT NORMALIZED: zero SOC range,,,,0.32,,,0.7849999999999999,,0.5525,169,35
GradientBoostingRegressor,,0.32,41.75,21.02,0.56,-4.25,72.1,72.1,0.0,,,NOT NORMALIZED: zero SOC range,,,,0.32,,,0.78,,0.55,171,1
GradientBoostingRegressor,,0.32,41.75,21.02,0.56,-4.25,72.1,72.1,0.0,,,NOT NORMALIZED: zero SOC range,,,,0.32,,,0.78,,0.55,171,1
HistGradientBoostingRegressor,,0.31,14.32,11.74,0.56,8.7,21.0,21.0,0.0,,,NOT NORMALIZED: zero SOC range,,,,0.31,,,0.78,,0.545,173,37
HistGradientBoostingRegressor,,0.31,14.32,11.74,0.56,8.7,21.0,21.0,0.0,,,NOT NORMALIZED: zero SOC range,,,,0.31,,,0.78,,0.545,173,37
GradientBoostingRegressor,,0.31,14.26,12.1,0.55,10.94,12.7,12.7,0.0,,,NOT NORMALIZED: zero SOC range,,,,0.31,,,0.775,,0.5425,175,1
HistGradientBoostingRegressor,,0.3,43.25,21.24,0.55,-4.89,72.1,72.1,0.0,,,NOT NORMALIZED: zero SOC range,,,,0.3,,,0.775,,0.5375,176,3
HistGradientBoostingRegressor,,0.3,43.25,21.24,0.55,-4.89,72.1,72.1,0.0,,,NOT NORMALIZED: zero SOC range,,,,0.3,,,0.775,,0.5375,176,3
AdaBoostRegressor,,0.29,42.36,23.21,0.54,-1.69,72.1,72.1,0.0,,,NOT NORMALIZED: zero SOC range,,,,0.29,,,0.77,,0.53,178,5
AdaBoostRegressor,,0.29,42.36,23.21,0.54,-1.69,72.1,72.1,0.0,,,NOT NORMALIZED: zero SOC range,,,,0.29,,,0.77,,0.53,178,5
RandomForestRegressor,,0.29,15.44,13.0,0.54,11.78,12.7,12.7,0.0,,,NOT NORMALIZED: zero SOC range,,,,0.29,,,0.77,,0.53,178,2
RandomForestRegressor,,0.28,42.65,21.11,0.53,-3.38,72.1,72.1,0.0,,,NOT NORMALIZED: zero SOC range,,,,0.28,,,0.765,,0.5225,181,7
BaggingRegressor,,0.28,15.42,9.28,0.53,4.46,21.0,21.0,0.0,,,NOT NORMALIZED: zero SOC range,,,,0.28,,,0.765,,0.5225,181,39
BaggingRegressor,,0.27,42.49,23.91,0.52,-1.26,72.1,72.1,0.0,,,NOT NORMALIZED: zero SOC range,,,,0.27,,,0.76,,0.515,183,8
BaggingRegressor,,0.27,42.49,23.91,0.52,-1.26,72.1,72.1,0.0,,,NOT NORMALIZED: zero SOC range,,,,0.27,,,0.76,,0.515,183,8
RandomForestRegressor,,0.27,43.15,20.77,0.52,-4.05,72.1,72.1,0.0,,,NOT NORMALIZED: zero SOC range,,,,0.27,,,0.76,,0.515,183,8
RandomForestRegressor,,0.27,43.15,20.77,0.52,-4.05,72.1,72.1,0.0,,,NOT NORMALIZED: zero SOC range,,,,0.27,,,0.76,,0.515,183,8
GradientBoostingRegressor,,0.26,43.24,21.17,0.51,-5.54,72.1,72.1,0.0,,,NOT NORMALIZED: zero SOC range,,,,0.26,,,0.755,,0.5075000000000001,187,12
GradientBoostingRegressor,,0.26,43.24,21.17,0.51,-5.54,72.1,72.1,0.0,,,NOT NORMALIZED: zero SOC range,,,,0.26,,,0.755,,0.5075000000000001,187,12
BaggingRegressor,,0.26,16.36,12.55,0.51,10.83,12.7,12.7,0.0,,,NOT NORMALIZED: zero SOC range,,,,0.26,,,0.755,,0.5075000000000001,187,3
RandomForestRegressor,,0.26,12.01,7.19,0.51,2.05,21.0,21.0,0.0,,,NOT NORMALIZED: zero SOC range,,,,0.26,,,0.755,,0.5075000000000001,187,40
RandomForestRegressor,,0.26,12.01,7.19,0.51,2.05,21.0,21.0,0.0,,,NOT NORMALIZED: zero SOC range,,,,0.26,,,0.755,,0.5075000000000001,187,40
BaggingRegressor,,0.25,26.07,15.47,0.5,14.68,12.7,12.7,0.0,,,NOT NORMALIZED: zero SOC range,,,,0.25,,,0.75,,0.5,196,4
