algorithm,Feature Origin,category,r2,rmse,mae,pearson,bias,soc_min,soc_max,soc_range,category_n,soc_mean,normalization_status,nRMSE,nMAE,nBias,S_R2,S_RMSE,S_MAE,S_Pearson,S_Bias,Score,Global_Rank,Category_Rank
AdaBoostRegressor,AlphaEarth,Oats,0.92,41.52,22.95,0.96,0.34,14.7,45.2,30.5,4,,Model-relative min-max normalized,1.0,0.7108433734939761,0.9870235198702352,1.0,1.0,0.7108433734939761,1.0,0.9870235198702352,0.9395733786728423,9,1
AdaBoostRegressor,AlphaEarth,Oats,0.92,41.52,22.95,0.96,0.34,14.7,45.2,30.5,4,,Model-relative min-max normalized,1.0,0.7108433734939761,0.9870235198702352,1.0,1.0,0.7108433734939761,1.0,0.9870235198702352,0.9395733786728423,9,1
GradientBoostingRegressor,AlphaEarth,Oats,0.75,54.58,20.55,0.87,-9.18,14.7,45.2,30.5,4,,Model-relative min-max normalized,0.3208528341133647,1.0,0.27007299270072993,0.7068965517241378,0.3208528341133647,1.0,0.7631578947368421,0.27007299270072993,0.6121960546550149,105,3
VotingRegressor,AlphaEarth,Oats,0.73,53.4,22.17,0.85,-6.64,14.7,45.2,30.5,4,,Model-relative min-max normalized,0.3822152886115446,0.8048192771084336,0.47607461476074614,0.6724137931034481,0.3822152886115446,0.8048192771084336,0.7105263157894737,0.47607461476074614,0.6092098578747291,108,4
RandomForestRegressor,AlphaEarth,Oats,0.66,54.67,21.42,0.81,-7.91,14.7,45.2,30.5,4,,Model-relative min-max normalized,0.3161726469058762,0.8951807228915661,0.373073803730738,0.5517241379310345,0.3161726469058762,0.8951807228915661,0.6052631578947371,0.373073803730738,0.5482828938707904,144,5
ExtraTreesRegressor,AlphaEarth,Oats,0.64,54.67,21.49,0.8,-8.22,14.7,45.2,30.5,4,,Model-relative min-max normalized,0.3161726469058762,0.8867469879518075,0.34793187347931864,0.5172413793103448,0.3161726469058762,0.8867469879518075,0.5789473684210529,0.34793187347931864,0.5294080512136801,151,6
VotingRegressor,AlphaEarth,Other bare soil,0.61,9.43,7.23,0.78,3.92,5.0,38.6,33.6,15,,Model-relative min-max normalized,0.9403453689167977,0.8461538461538461,0.5650118203309693,1.0,0.9403453689167977,0.8461538461538461,1.0,0.5650118203309693,0.8703022070803227,23,8
GradientBoostingRegressor,AlphaEarth,Other bare soil,0.6,9.24,6.82,0.78,2.7,5.0,38.6,33.6,15,,Model-relative min-max normalized,0.9701726844583988,0.923076923076923,0.7092198581560284,0.9714285714285714,0.9701726844583988,0.923076923076923,1.0,0.7092198581560284,0.9147796074239842,11,1
GradientBoostingRegressor,Sentinel + AlphaEarth,Other bare soil,0.6,9.24,6.82,0.78,2.7,5.0,38.6,33.6,15,,Model-relative min-max normalized,0.9701726844583988,0.923076923076923,0.7092198581560284,0.9714285714285714,0.9701726844583988,0.923076923076923,1.0,0.7092198581560284,0.9147796074239842,11,1
ExtraTreesRegressor,AlphaEarth,Oats,0.59,55.97,21.97,0.77,-8.59,14.7,45.2,30.5,4,,Model-relative min-max normalized,0.248569942797712,0.8289156626506027,0.31792376317923765,0.43103448275862055,0.248569942797712,0.8289156626506027,0.5000000000000001,0.31792376317923765,0.4652887702772346,172,7
ExtraTreesRegressor,AlphaEarth,Oats,0.59,55.97,21.97,0.77,-8.59,14.7,45.2,30.5,4,,Model-relative min-max normalized,0.248569942797712,0.8289156626506027,0.31792376317923765,0.43103448275862055,0.248569942797712,0.8289156626506027,0.5000000000000001,0.31792376317923765,0.4652887702772346,172,7
GradientBoostingRegressor,AlphaEarth,Other bare soil,0.58,9.05,6.56,0.76,2.35,5.0,38.6,33.6,15,,Model-relative min-max normalized,1.0,0.9718574108818012,0.7505910165484634,0.9142857142857143,1.0,0.9718574108818012,0.9259259259259258,0.7505910165484634,0.9125320135283808,13,3
GradientBoostingRegressor,AlphaEarth,Other bare soil,0.58,9.05,6.56,0.76,2.35,5.0,38.6,33.6,15,,Model-relative min-max normalized,1.0,0.9718574108818012,0.7505910165484634,0.9142857142857143,1.0,0.9718574108818012,0.9259259259259258,0.7505910165484634,0.9125320135283808,13,3
RandomForestRegressor,AlphaEarth,Other bare soil,0.57,9.25,6.51,0.75,2.22,5.0,38.6,33.6,15,,Model-relative min-max normalized,0.968602825745683,0.9812382739212008,0.7659574468085105,0.8857142857142856,0.968602825745683,0.9812382739212008,0.8888888888888888,0.7659574468085105,0.8980803442157137,15,5
RandomForestRegressor,AlphaEarth,Other bare soil,0.57,9.25,6.51,0.75,2.22,5.0,38.6,33.6,15,,Model-relative min-max normalized,0.968602825745683,0.9812382739212008,0.7659574468085105,0.8857142857142856,0.968602825745683,0.9812382739212008,0.8888888888888888,0.7659574468085105,0.8980803442157137,15,5
GradientBoostingRegressor,AlphaEarth,Other bare soil,0.55,9.54,6.97,0.74,3.0,5.0,38.6,33.6,15,,Model-relative min-max normalized,0.9230769230769234,0.8949343339587242,0.6737588652482269,0.8285714285714287,0.9230769230769234,0.8949343339587242,0.8518518518518517,0.6737588652482269,0.834438680541431,35,9
GradientBoostingRegressor,AlphaEarth,Other bare soil,0.55,9.91,7.22,0.74,3.24,5.0,38.6,33.6,15,,Model-relative min-max normalized,0.8649921507064365,0.8480300187617261,0.6453900709219857,0.8285714285714287,0.8649921507064365,0.8480300187617261,0.8518518518518517,0.6453900709219857,0.8077671041626857,40,10
GradientBoostingRegressor,Sentinel + AlphaEarth,Other bare soil,0.55,9.91,7.22,0.74,3.24,5.0,38.6,33.6,15,,Model-relative min-max normalized,0.8649921507064365,0.8480300187617261,0.6453900709219857,0.8285714285714287,0.8649921507064365,0.8480300187617261,0.8518518518518517,0.6453900709219857,0.8077671041626857,40,10
ExtraTreesRegressor,AlphaEarth,Other bare soil,0.55,9.35,6.41,0.74,1.64,5.0,38.6,33.6,15,,Model-relative min-max normalized,0.9529042386185245,1.0,0.8345153664302601,0.8285714285714287,0.9529042386185245,1.0,0.8518518518518517,0.8345153664302601,0.8935685770944131,17,7
RandomForestRegressor,AlphaEarth,Oats,0.52,56.38,21.91,0.72,-8.31,14.7,45.2,30.5,4,,Model-relative min-max normalized,0.22724908996359844,0.8361445783132531,0.34063260340632595,0.31034482758620685,0.22724908996359844,0.8361445783132531,0.368421052631579,0.34063260340632595,0.4165584303801927,188,11
RandomForestRegressor,AlphaEarth,Oats,0.52,56.38,21.91,0.72,-8.31,14.7,45.2,30.5,4,,Model-relative min-max normalized,0.22724908996359844,0.8361445783132531,0.34063260340632595,0.31034482758620685,0.22724908996359844,0.8361445783132531,0.368421052631579,0.34063260340632595,0.4165584303801927,188,11
GradientBoostingRegressor,AlphaEarth,Oats,0.51,55.85,21.59,0.72,-8.79,14.7,45.2,30.5,4,,Model-relative min-max normalized,0.25481019240769626,0.874698795180723,0.3017031630170317,0.293103448275862,0.25481019240769626,0.874698795180723,0.368421052631579,0.3017031630170317,0.4185473303025784,186,9
GradientBoostingRegressor,AlphaEarth,Oats,0.51,55.85,21.59,0.72,-8.79,14.7,45.2,30.5,4,,Model-relative min-max normalized,0.25481019240769626,0.874698795180723,0.3017031630170317,0.293103448275862,0.25481019240769626,0.874698795180723,0.368421052631579,0.3017031630170317,0.4185473303025784,186,9
BaggingRegressor,AlphaEarth,Other bare soil,0.5,13.43,8.46,0.71,5.01,5.0,38.6,33.6,15,,Model-relative min-max normalized,0.3124018838304553,0.6153846153846153,0.4361702127659574,0.6857142857142857,0.3124018838304553,0.6153846153846153,0.7407407407407405,0.4361702127659574,0.5580823476872109,135,27
BaggingRegressor,Sentinel + AlphaEarth,Other bare soil,0.5,13.43,8.46,0.71,5.01,5.0,38.6,33.6,15,,Model-relative min-max normalized,0.3124018838304553,0.6153846153846153,0.4361702127659574,0.6857142857142857,0.3124018838304553,0.6153846153846153,0.7407407407407405,0.4361702127659574,0.5580823476872109,135,27
ExtraTreesRegressor,AlphaEarth,Other bare soil,0.5,9.92,6.68,0.71,2.07,5.0,38.6,33.6,15,,Model-relative min-max normalized,0.8634222919937207,0.9493433395872422,0.7836879432624113,0.6857142857142857,0.8634222919937207,0.9493433395872422,0.7407407407407405,0.7836879432624113,0.8045817202596801,42,12
ExtraTreesRegressor,AlphaEarth,Other bare soil,0.5,9.92,6.68,0.71,2.07,5.0,38.6,33.6,15,,Model-relative min-max normalized,0.8634222919937207,0.9493433395872422,0.7836879432624113,0.6857142857142857,0.8634222919937207,0.9493433395872422,0.7407407407407405,0.7836879432624113,0.8045817202596801,42,12
RandomForestRegressor,Sentinel + AlphaEarth,Other bare soil,0.49,10.21,6.79,0.7,2.39,5.0,38.6,33.6,15,,Model-relative min-max normalized,0.8178963893249607,0.9287054409005628,0.7458628841607564,0.6571428571428571,0.8178963893249607,0.9287054409005628,0.7037037037037035,0.7458628841607564,0.770662255046568,54,14
RandomForestRegressor,AlphaEarth,Other bare soil,0.49,10.21,6.79,0.7,2.39,5.0,38.6,33.6,15,,Model-relative min-max normalized,0.8178963893249607,0.9287054409005628,0.7458628841607564,0.6571428571428571,0.8178963893249607,0.9287054409005628,0.7037037037037035,0.7458628841607564,0.770662255046568,54,14
RandomForestRegressor,AlphaEarth,Other bare soil,0.46,10.49,7.33,0.68,3.02,5.0,38.6,33.6,15,,Model-relative min-max normalized,0.7739403453689169,0.8273921200750469,0.6713947990543736,0.5714285714285715,0.7739403453689169,0.8273921200750469,0.6296296296296298,0.6713947990543736,0.6947570931113077,75,18
VotingRegressor,AlphaEarth,Other bare soil,0.46,11.89,9.22,0.68,6.3,5.0,38.6,33.6,15,,Model-relative min-max normalized,0.554160125588697,0.472795497185741,0.2836879432624113,0.5714285714285715,0.554160125588697,0.472795497185741,0.6296296296296298,0.2836879432624113,0.5023403534190101,157,31
VotingRegressor,Sentinel + AlphaEarth,Other bare soil,0.46,11.89,9.22,0.68,6.3,5.0,38.6,33.6,15,,Model-relative min-max normalized,0.554160125588697,0.472795497185741,0.2836879432624113,0.5714285714285715,0.554160125588697,0.472795497185741,0.6296296296296298,0.2836879432624113,0.5023403534190101,157,31
AdaBoostRegressor,Sentinel + AlphaEarth,Other mixed woodland,0.45,67.58,37.67,0.67,-7.54,9.2,182.8,173.6,21,,Model-relative min-max normalized,0.940097799511003,1.0,0.0,1.0,0.940097799511003,1.0,1.0,0.0,0.7880195599022006,50,3
AdaBoostRegressor,AlphaEarth,Other mixed woodland,0.45,67.58,37.67,0.67,-7.54,9.2,182.8,173.6,21,,Model-relative min-max normalized,0.940097799511003,1.0,0.0,1.0,0.940097799511003,1.0,1.0,0.0,0.7880195599022006,50,3
ExtraTreesRegressor,Sentinel + AlphaEarth,Other bare soil,0.45,10.63,6.8,0.67,2.36,5.0,38.6,33.6,15,,Model-relative min-max normalized,0.7519623233908947,0.926829268292683,0.7494089834515367,0.5428571428571429,0.7519623233908947,0.926829268292683,0.5925925925925927,0.7494089834515367,0.7127300621169701,65,16
ExtraTreesRegressor,AlphaEarth,Other bare soil,0.45,10.63,6.8,0.67,2.36,5.0,38.6,33.6,15,,Model-relative min-max normalized,0.7519623233908947,0.926829268292683,0.7494089834515367,0.5428571428571429,0.7519623233908947,0.926829268292683,0.5925925925925927,0.7494089834515367,0.7127300621169701,65,16
ExtraTreesRegressor,AlphaEarth,Other mixed woodland,0.44,67.09,40.01,0.67,3.24,9.2,182.8,173.6,21,,Model-relative min-max normalized,1.0,0.7243816254416964,0.5710491367861885,0.9473684210526315,1.0,0.7243816254416964,1.0,0.5710491367861885,0.8485598366561031,27,1
ExtraTreesRegressor,Sentinel + AlphaEarth,Other mixed woodland,0.44,67.09,40.01,0.67,3.24,9.2,182.8,173.6,21,,Model-relative min-max normalized,1.0,0.7243816254416964,0.5710491367861885,0.9473684210526315,1.0,0.7243816254416964,1.0,0.5710491367861885,0.8485598366561031,27,1
HistGradientBoostingRegressor,AlphaEarth,Other mixed woodland,0.44,70.11,39.06,0.66,-7.48,9.2,182.8,173.6,21,,Model-relative min-max normalized,0.6308068459657703,0.8362779740871612,0.007968127490039788,0.9473684210526315,0.6308068459657703,0.8362779740871612,0.9375,0.007968127490039788,0.6719842737191206,82,9
HistGradientBoostingRegressor,Sentinel + AlphaEarth,Other mixed woodland,0.44,70.11,39.06,0.66,-7.48,9.2,182.8,173.6,21,,Model-relative min-max normalized,0.6308068459657703,0.8362779740871612,0.007968127490039788,0.9473684210526315,0.6308068459657703,0.8362779740871612,0.9375,0.007968127490039788,0.6719842737191206,82,9
ExtraTreesRegressor,AlphaEarth,Spontaneously re-vegetated surfaces,0.43,34.37,12.32,0.66,1.64,4.2,268.9,264.7,25,,Model-relative min-max normalized,1.0,0.9854791868344627,0.897239263803681,1.0,1.0,0.9854791868344627,1.0,0.897239263803681,0.9765436901276289,7,1
ExtraTreesRegressor,AlphaEarth,Spontaneously re-vegetated surfaces,0.43,34.37,12.32,0.66,1.64,4.2,268.9,264.7,25,,Model-relative min-max normalized,1.0,0.9854791868344627,0.897239263803681,1.0,1.0,0.9854791868344627,1.0,0.897239263803681,0.9765436901276289,7,1
RandomForestRegressor,Sentinel + AlphaEarth,Other bare soil,0.43,10.94,7.43,0.65,3.1,5.0,38.6,33.6,15,,Model-relative min-max normalized,0.7032967032967035,0.8086303939962477,0.6619385342789599,0.4857142857142857,0.7032967032967035,0.8086303939962477,0.5185185185185185,0.6619385342789599,0.6356196871609431,101,21
RandomForestRegressor,AlphaEarth,Other bare soil,0.43,10.94,7.43,0.65,3.1,5.0,38.6,33.6,15,,Model-relative min-max normalized,0.7032967032967035,0.8086303939962477,0.6619385342789599,0.4857142857142857,0.7032967032967035,0.8086303939962477,0.5185185185185185,0.6619385342789599,0.6356196871609431,101,21
GradientBoostingRegressor,Sentinel + AlphaEarth,Other bare soil,0.42,11.07,7.9,0.65,3.77,5.0,38.6,33.6,15,,Model-relative min-max normalized,0.6828885400313972,0.7204502814258912,0.58274231678487,0.45714285714285713,0.6828885400313972,0.7204502814258912,0.5185185185185185,0.58274231678487,0.5923485027807068,114,23
GradientBoostingRegressor,AlphaEarth,Other bare soil,0.42,11.07,7.9,0.65,3.77,5.0,38.6,33.6,15,,Model-relative min-max normalized,0.6828885400313972,0.7204502814258912,0.58274231678487,0.45714285714285713,0.6828885400313972,0.7204502814258912,0.5185185185185185,0.58274231678487,0.5923485027807068,114,23
VotingRegressor,AlphaEarth,Other mixed woodland,0.42,68.8,41.77,0.65,4.54,9.2,182.8,173.6,21,,Model-relative min-max normalized,0.7909535452322745,0.5170789163722022,0.398406374501992,0.8421052631578946,0.7909535452322745,0.5170789163722022,0.8749999999999999,0.398406374501992,0.6847088198528727,79,7
VotingRegressor,Sentinel + AlphaEarth,Other mixed woodland,0.42,68.8,41.77,0.65,4.54,9.2,182.8,173.6,21,,Model-relative min-max normalized,0.7909535452322745,0.5170789163722022,0.398406374501992,0.8421052631578946,0.7909535452322745,0.5170789163722022,0.8749999999999999,0.398406374501992,0.6847088198528727,79,7
RandomForestRegressor,AlphaEarth,Other mixed woodland,0.41,69.21,41.38,0.64,4.71,9.2,182.8,173.6,21,,Model-relative min-max normalized,0.7408312958435217,0.5630153121319196,0.3758300132802125,0.7894736842105261,0.7408312958435217,0.5630153121319196,0.8124999999999999,0.3758300132802125,0.656330061093236,91,11
RandomForestRegressor,Sentinel + AlphaEarth,Other mixed woodland,0.41,69.21,41.38,0.64,4.71,9.2,182.8,173.6,21,,Model-relative min-max normalized,0.7408312958435217,0.5630153121319196,0.3758300132802125,0.7894736842105261,0.7408312958435217,0.5630153121319196,0.8124999999999999,0.3758300132802125,0.656330061093236,91,11
RandomForestRegressor,AlphaEarth,Other mixed woodland,0.41,69.2,42.16,0.64,4.29,9.2,182.8,173.6,21,,Model-relative min-max normalized,0.7420537897310512,0.47114252061248557,0.4316069057104914,0.7894736842105261,0.7420537897310512,0.47114252061248557,0.8124999999999999,0.4316069057104914,0.6493553800529108,93,13
RandomForestRegressor,Sentinel + AlphaEarth,Other mixed woodland,0.41,69.2,42.16,0.64,4.29,9.2,182.8,173.6,21,,Model-relative min-max normalized,0.7420537897310512,0.47114252061248557,0.4316069057104914,0.7894736842105261,0.7420537897310512,0.47114252061248557,0.8124999999999999,0.4316069057104914,0.6493553800529108,93,13
GradientBoostingRegressor,Sentinel + AlphaEarth,Other mixed woodland,0.4,69.36,41.01,0.64,2.51,9.2,182.8,173.6,21,,Model-relative min-max normalized,0.7224938875305625,0.606595995288575,0.6679946879150066,0.736842105263158,0.7224938875305625,0.606595995288575,0.8124999999999999,0.6679946879150066,0.7092853351994604,67,5
GradientBoostingRegressor,AlphaEarth,Other mixed woodland,0.4,69.36,41.01,0.64,2.51,9.2,182.8,173.6,21,,Model-relative min-max normalized,0.7224938875305625,0.606595995288575,0.6679946879150066,0.736842105263158,0.7224938875305625,0.606595995288575,0.8124999999999999,0.6679946879150066,0.7092853351994604,67,5
ExtraTreesRegressor,AlphaEarth,Other bare soil,0.4,11.0,6.99,0.63,1.97,5.0,38.6,33.6,15,,Model-relative min-max normalized,0.6938775510204083,0.8911819887429644,0.7955082742316785,0.4000000000000001,0.6938775510204083,0.8911819887429644,0.4444444444444444,0.7955082742316785,0.6450024516878992,96,19
ExtraTreesRegressor,Sentinel + AlphaEarth,Other bare soil,0.4,11.0,6.99,0.63,1.97,5.0,38.6,33.6,15,,Model-relative min-max normalized,0.6938775510204083,0.8911819887429644,0.7955082742316785,0.4000000000000001,0.6938775510204083,0.8911819887429644,0.4444444444444444,0.7955082742316785,0.6450024516878992,96,19
AdaBoostRegressor,Sentinel + AlphaEarth,Other mixed woodland,0.4,69.71,42.68,0.63,2.7,9.2,182.8,173.6,21,,Model-relative min-max normalized,0.6797066014669936,0.40989399293286205,0.6427622841965471,0.736842105263158,0.6797066014669936,0.40989399293286205,0.7499999999999998,0.6427622841965471,0.643840996771912,98,15
AdaBoostRegressor,AlphaEarth,Other mixed woodland,0.4,69.71,42.68,0.63,2.7,9.2,182.8,173.6,21,,Model-relative min-max normalized,0.6797066014669936,0.40989399293286205,0.6427622841965471,0.736842105263158,0.6797066014669936,0.40989399293286205,0.7499999999999998,0.6427622841965471,0.643840996771912,98,15
ExtraTreesRegressor,AlphaEarth,Spontaneously re-vegetated surfaces,0.39,34.82,12.17,0.63,1.66,4.2,268.9,264.7,25,,Model-relative min-max normalized,0.932432432432432,1.0,0.8957055214723927,0.7647058823529412,0.932432432432432,1.0,0.7999999999999998,0.8957055214723927,0.8785687672515531,22,3
ExtraTreesRegressor,Sentinel + AlphaEarth,Other bare soil,0.39,11.17,7.38,0.62,3.04,5.0,38.6,33.6,15,,Model-relative min-max normalized,0.6671899529042387,0.8180112570356474,0.6690307328605201,0.37142857142857144,0.6671899529042387,0.8180112570356474,0.40740740740740733,0.6690307328605201,0.586613584327277,118,25
ExtraTreesRegressor,AlphaEarth,Other bare soil,0.39,11.17,7.38,0.62,3.04,5.0,38.6,33.6,15,,Model-relative min-max normalized,0.6671899529042387,0.8180112570356474,0.6690307328605201,0.37142857142857144,0.6671899529042387,0.8180112570356474,0.40740740740740733,0.6690307328605201,0.586613584327277,118,25
RandomForestRegressor,Sentinel + AlphaEarth,Other mixed woodland,0.38,70.88,43.1,0.62,5.65,9.2,182.8,173.6,21,,Model-relative min-max normalized,0.5366748166259174,0.3604240282685509,0.2509960159362549,0.631578947368421,0.5366748166259174,0.3604240282685509,0.6874999999999998,0.2509960159362549,0.4934347616398288,162,25
RandomForestRegressor,AlphaEarth,Other mixed woodland,0.38,70.88,43.1,0.62,5.65,9.2,182.8,173.6,21,,Model-relative min-max normalized,0.5366748166259174,0.3604240282685509,0.2509960159362549,0.631578947368421,0.5366748166259174,0.3604240282685509,0.6874999999999998,0.2509960159362549,0.4934347616398288,162,25
AdaBoostRegressor,AlphaEarth,Spontaneously re-vegetated surfaces,0.38,38.06,20.3,0.61,12.06,4.2,268.9,264.7,25,,Model-relative min-max normalized,0.44594594594594555,0.2129719264278799,0.09815950920245395,0.7058823529411765,0.44594594594594555,0.2129719264278799,0.6666666666666664,0.09815950920245395,0.42592528023682447,185,30
GradientBoostingRegressor,AlphaEarth,Other mixed woodland,0.37,71.21,41.4,0.61,1.54,9.2,182.8,173.6,21,,Model-relative min-max normalized,0.49633251833740905,0.5606595995288576,0.796812749003984,0.5789473684210525,0.49633251833740905,0.5606595995288576,0.6249999999999998,0.796812749003984,0.6115504470582607,106,17
GradientBoostingRegressor,Sentinel + AlphaEarth,Other mixed woodland,0.37,71.21,41.4,0.61,1.54,9.2,182.8,173.6,21,,Model-relative min-max normalized,0.49633251833740905,0.5606595995288576,0.796812749003984,0.5789473684210525,0.49633251833740905,0.5606595995288576,0.6249999999999998,0.796812749003984,0.6115504470582607,106,17
BaggingRegressor,AlphaEarth,Other mixed woodland,0.37,71.43,44.24,0.61,3.38,9.2,182.8,173.6,21,,Model-relative min-max normalized,0.46943765281173505,0.22614840989399243,0.5524568393094289,0.5789473684210525,0.46943765281173505,0.22614840989399243,0.6249999999999998,0.5524568393094289,0.4903980540872418,164,27
BaggingRegressor,Sentinel + AlphaEarth,Other mixed woodland,0.37,71.43,44.24,0.61,3.38,9.2,182.8,173.6,21,,Model-relative min-max normalized,0.46943765281173505,0.22614840989399243,0.5524568393094289,0.5789473684210525,0.46943765281173505,0.22614840989399243,0.6249999999999998,0.5524568393094289,0.4903980540872418,164,27
ExtraTreesRegressor,AlphaEarth,Spontaneously re-vegetated surfaces,0.37,37.17,12.29,0.61,0.61,4.2,268.9,264.7,25,,Model-relative min-max normalized,0.5795795795795792,0.9883833494675702,0.9762269938650308,0.6470588235294118,0.5795795795795792,0.9883833494675702,0.6666666666666664,0.9762269938650308,0.7715830826216517,52,4
ExtraTreesRegressor,Sentinel + AlphaEarth,Spontaneously re-vegetated surfaces,0.37,37.17,12.29,0.61,0.61,4.2,268.9,264.7,25,,Model-relative min-max normalized,0.5795795795795792,0.9883833494675702,0.9762269938650308,0.6470588235294118,0.5795795795795792,0.9883833494675702,0.6666666666666664,0.9762269938650308,0.7715830826216517,52,4
ExtraTreesRegressor,AlphaEarth,Other mixed woodland,0.37,71.58,42.31,0.61,4.47,9.2,182.8,173.6,21,,Model-relative min-max normalized,0.4511002444987776,0.4534746760895167,0.4077025232403719,0.5789473684210525,0.4511002444987776,0.4534746760895167,0.6249999999999998,0.4077025232403719,0.5032449624499438,155,23
ExtraTreesRegressor,Sentinel + AlphaEarth,Other mixed woodland,0.37,71.58,42.31,0.61,4.47,9.2,182.8,173.6,21,,Model-relative min-max normalized,0.4511002444987776,0.4534746760895167,0.4077025232403719,0.5789473684210525,0.4511002444987776,0.4534746760895167,0.6249999999999998,0.4077025232403719,0.5032449624499438,155,23
AdaBoostRegressor,AlphaEarth,Oats,0.37,59.38,28.85,0.6,0.18,14.7,45.2,30.5,4,,Model-relative min-max normalized,0.07124284971398843,0.0,1.0,0.051724137931034427,0.07124284971398843,0.0,0.05263157894736847,1.0,0.23511971331847828,226,13
HistGradientBoostingRegressor,Sentinel + AlphaEarth,Other mixed woodland,0.36,71.94,41.52,0.6,1.82,9.2,182.8,173.6,21,,Model-relative min-max normalized,0.40709046454767744,0.5465253239104825,0.7596281540504648,0.5263157894736841,0.40709046454767744,0.5465253239104825,0.5624999999999997,0.7596281540504648,0.5604119463964616,131,19
HistGradientBoostingRegressor,AlphaEarth,Other mixed woodland,0.36,71.94,41.52,0.6,1.82,9.2,182.8,173.6,21,,Model-relative min-max normalized,0.40709046454767744,0.5465253239104825,0.7596281540504648,0.5263157894736841,0.40709046454767744,0.5465253239104825,0.5624999999999997,0.7596281540504648,0.5604119463964616,131,19
HistGradientBoostingRegressor,AlphaEarth,Shrubland without tree cover,0.36,32.12,21.59,0.6,-7.39,7.5,197.0,189.5,7,,Model-relative min-max normalized,1.0,1.0,0.06463878326996195,1.0,1.0,1.0,1.0,0.06463878326996195,0.8129277566539924,38,1
HistGradientBoostingRegressor,Sentinel + AlphaEarth,Shrubland without tree cover,0.36,32.12,21.59,0.6,-7.39,7.5,197.0,189.5,7,,Model-relative min-max normalized,1.0,1.0,0.06463878326996195,1.0,1.0,1.0,1.0,0.06463878326996195,0.8129277566539924,38,1
RandomForestRegressor,AlphaEarth,Spontaneously re-vegetated surfaces,0.36,35.85,12.91,0.6,2.3,4.2,268.9,264.7,25,,Model-relative min-max normalized,0.7777777777777773,0.9283639883833494,0.8466257668711656,0.588235294117647,0.7777777777777773,0.9283639883833494,0.5999999999999998,0.8466257668711656,0.7482005654299878,60,6
GradientBoostingRegressor,AlphaEarth,Spontaneously re-vegetated surfaces,0.36,37.67,12.74,0.6,0.68,4.2,268.9,264.7,25,,Model-relative min-max normalized,0.5045045045045041,0.9448209099709584,0.9708588957055215,0.588235294117647,0.5045045045045041,0.9448209099709584,0.5999999999999998,0.9708588957055215,0.7216839208597261,63,7
GradientBoostingRegressor,Sentinel + AlphaEarth,Spontaneously re-vegetated surfaces,0.36,37.67,12.74,0.6,0.68,4.2,268.9,264.7,25,,Model-relative min-max normalized,0.5045045045045041,0.9448209099709584,0.9708588957055215,0.588235294117647,0.5045045045045041,0.9448209099709584,0.5999999999999998,0.9708588957055215,0.7216839208597261,63,7
BaggingRegressor,Sentinel + AlphaEarth,Other bare soil,0.36,13.51,8.16,0.6,4.07,5.0,38.6,33.6,15,,Model-relative min-max normalized,0.2998430141287285,0.6716697936210131,0.5472813238770685,0.28571428571428564,0.2998430141287285,0.6716697936210131,0.3333333333333332,0.5472813238770685,0.42756835013488576,183,37
BaggingRegressor,AlphaEarth,Other bare soil,0.36,13.51,8.16,0.6,4.07,5.0,38.6,33.6,15,,Model-relative min-max normalized,0.2998430141287285,0.6716697936210131,0.5472813238770685,0.28571428571428564,0.2998430141287285,0.6716697936210131,0.3333333333333332,0.5472813238770685,0.42756835013488576,183,37
RandomForestRegressor,Sentinel + AlphaEarth,Spontaneously re-vegetated surfaces,0.35,37.48,12.62,0.59,0.65,4.2,268.9,264.7,25,,Model-relative min-max normalized,0.5330330330330334,0.9564375605033882,0.973159509202454,0.5294117647058822,0.5330330330330334,0.9564375605033882,0.533333333333333,0.973159509202454,0.7050750401556182,71,9
RandomForestRegressor,AlphaEarth,Spontaneously re-vegetated surfaces,0.35,37.48,12.62,0.59,0.65,4.2,268.9,264.7,25,,Model-relative min-max normalized,0.5330330330330334,0.9564375605033882,0.973159509202454,0.5294117647058822,0.5330330330330334,0.9564375605033882,0.533333333333333,0.973159509202454,0.7050750401556182,71,9
ExtraTreesRegressor,Sentinel + AlphaEarth,Grassland with sparse tree/shrub cover,0.35,45.36,19.0,0.59,-3.81,6.7,486.2,479.5,53,,Model-relative min-max normalized,0.9240568348848605,0.9819694868238559,0.4969040247678019,1.0,0.9240568348848605,0.9819694868238559,1.0,0.4969040247678019,0.8805860692953036,20,3
ExtraTreesRegressor,AlphaEarth,Grassland with sparse tree/shrub cover,0.35,45.36,19.0,0.59,-3.81,6.7,486.2,479.5,53,,Model-relative min-max normalized,0.9240568348848605,0.9819694868238559,0.4969040247678019,1.0,0.9240568348848605,0.9819694868238559,1.0,0.4969040247678019,0.8805860692953036,20,3
HistGradientBoostingRegressor,AlphaEarth,Grassland with sparse tree/shrub cover,0.35,45.68,19.55,0.59,-4.09,6.7,486.2,479.5,53,,Model-relative min-max normalized,0.9083782459578639,0.9056865464632455,0.4535603715170279,1.0,0.9083782459578639,0.9056865464632455,1.0,0.4535603715170279,0.8535250327876275,25,5
HistGradientBoostingRegressor,Sentinel + AlphaEarth,Grassland with sparse tree/shrub cover,0.35,45.68,19.55,0.59,-4.09,6.7,486.2,479.5,53,,Model-relative min-max normalized,0.9083782459578639,0.9056865464632455,0.4535603715170279,1.0,0.9083782459578639,0.9056865464632455,1.0,0.4535603715170279,0.8535250327876275,25,5
GradientBoostingRegressor,AlphaEarth,Other mixed woodland,0.35,73.74,44.12,0.59,6.54,9.2,182.8,173.6,21,,Model-relative min-max normalized,0.18704156479217635,0.24028268551236753,0.13280212483399734,0.4736842105263156,0.18704156479217635,0.24028268551236753,0.49999999999999967,0.13280212483399734,0.3067621171329713,215,37
GradientBoostingRegressor,Sentinel + AlphaEarth,Other mixed woodland,0.35,73.74,44.12,0.59,6.54,9.2,182.8,173.6,21,,Model-relative min-max normalized,0.18704156479217635,0.24028268551236753,0.13280212483399734,0.4736842105263156,0.18704156479217635,0.24028268551236753,0.49999999999999967,0.13280212483399734,0.3067621171329713,215,37
AdaBoostRegressor,AlphaEarth,Other mixed woodland,0.35,72.49,43.29,0.59,-0.01,9.2,182.8,173.6,21,,Model-relative min-max normalized,0.3398533007334968,0.3380447585394581,1.0,0.4736842105263156,0.3398533007334968,0.3380447585394581,0.49999999999999967,1.0,0.530316453959854,149,21
AdaBoostRegressor,Sentinel + AlphaEarth,Other mixed woodland,0.35,72.49,43.29,0.59,-0.01,9.2,182.8,173.6,21,,Model-relative min-max normalized,0.3398533007334968,0.3380447585394581,1.0,0.4736842105263156,0.3398533007334968,0.3380447585394581,0.49999999999999967,1.0,0.530316453959854,149,21
RandomForestRegressor,AlphaEarth,Shrubland without tree cover,0.34,33.18,22.49,0.59,-7.02,7.5,197.0,189.5,7,,Model-relative min-max normalized,0.5391304347826086,0.4303797468354446,0.20532319391634984,0.8181818181818185,0.5391304347826086,0.4303797468354446,0.8999999999999999,0.20532319391634984,0.5786030387432443,124,6
BaggingRegressor,AlphaEarth,Other mixed woodland,0.34,73.67,44.34,0.59,4.85,9.2,182.8,173.6,21,,Model-relative min-max normalized,0.19559902200488946,0.21436984687868013,0.35723771580345287,0.42105263157894746,0.19559902200488946,0.21436984687868013,0.49999999999999967,0.35723771580345287,0.3376518432531939,209,35
BaggingRegressor,Sentinel + AlphaEarth,Other mixed woodland,0.34,73.67,44.34,0.59,4.85,9.2,182.8,173.6,21,,Model-relative min-max normalized,0.19559902200488946,0.21436984687868013,0.35723771580345287,0.42105263157894746,0.19559902200488946,0.21436984687868013,0.49999999999999967,0.35723771580345287,0.3376518432531939,209,35
GradientBoostingRegressor,AlphaEarth,Oats,0.34,60.75,21.67,0.58,-12.51,4.0,364.5,360.5,33,,Model-relative min-max normalized,0.0,0.8650602409638554,0.0,0.0,0.0,0.8650602409638554,0.0,0.0,0.17301204819277108,231,14
ExtraTreesRegressor,AlphaEarth,Grassland with sparse tree/shrub cover,0.34,43.81,19.08,0.58,-2.68,6.7,486.2,479.5,53,,Model-relative min-max normalized,1.0,0.9708737864077673,0.671826625386997,0.9000000000000005,1.0,0.9708737864077673,0.8888888888888887,0.671826625386997,0.8863178601367308,18,1
ExtraTreesRegressor,AlphaEarth,Grassland with sparse tree/shrub cover,0.34,43.81,19.08,0.58,-2.68,6.7,486.2,479.5,53,,Model-relative min-max normalized,1.0,0.9708737864077673,0.671826625386997,0.9000000000000005,1.0,0.9708737864077673,0.8888888888888887,0.671826625386997,0.8863178601367308,18,1
HistGradientBoostingRegressor,AlphaEarth,Other mixed woodland,0.34,74.54,40.43,0.58,-2.8,9.2,182.8,173.6,21,,Model-relative min-max normalized,0.08924205378972988,0.6749116607773852,0.6294820717131474,0.42105263157894746,0.08924205378972988,0.6749116607773852,0.4374999999999996,0.6294820717131474,0.4504376835718419,174,31
HistGradientBoostingRegressor,Sentinel + AlphaEarth,Other mixed woodland,0.34,74.54,40.43,0.58,-2.8,9.2,182.8,173.6,21,,Model-relative min-max normalized,0.08924205378972988,0.6749116607773852,0.6294820717131474,0.42105263157894746,0.08924205378972988,0.6749116607773852,0.4374999999999996,0.6294820717131474,0.4504376835718419,174,31
ExtraTreesRegressor,Sentinel + AlphaEarth,Spontaneously re-vegetated surfaces,0.34,37.96,12.65,0.58,0.73,4.2,268.9,264.7,25,,Model-relative min-max normalized,0.46096096096096073,0.9535333978702807,0.9670245398773006,0.4705882352941178,0.46096096096096073,0.9535333978702807,0.4666666666666663,0.9670245398773006,0.6637547601338653,86,13
ExtraTreesRegressor,AlphaEarth,Spontaneously re-vegetated surfaces,0.34,37.96,12.65,0.58,0.73,4.2,268.9,264.7,25,,Model-relative min-max normalized,0.46096096096096073,0.9535333978702807,0.9670245398773006,0.4705882352941178,0.46096096096096073,0.9535333978702807,0.4666666666666663,0.9670245398773006,0.6637547601338653,86,13
ExtraTreesRegressor,Sentinel + AlphaEarth,Other mixed woodland,0.34,73.44,44.05,0.58,4.0,9.2,182.8,173.6,21,,Model-relative min-max normalized,0.2237163814180929,0.24852767962308606,0.47011952191235057,0.42105263157894746,0.2237163814180929,0.24852767962308606,0.4374999999999996,0.47011952191235057,0.36018324290649534,197,33
ExtraTreesRegressor,AlphaEarth,Other mixed woodland,0.34,73.44,44.05,0.58,4.0,9.2,182.8,173.6,21,,Model-relative min-max normalized,0.2237163814180929,0.24852767962308606,0.47011952191235057,0.42105263157894746,0.2237163814180929,0.24852767962308606,0.4374999999999996,0.47011952191235057,0.36018324290649534,197,33
RandomForestRegressor,AlphaEarth,Spontaneously re-vegetated surfaces,0.34,36.19,12.75,0.58,1.67,4.2,268.9,264.7,25,,Model-relative min-max normalized,0.7267267267267269,0.9438528557599225,0.8949386503067486,0.4705882352941178,0.7267267267267269,0.9438528557599225,0.4666666666666663,0.8949386503067486,0.7005546269508365,73,11
RandomForestRegressor,AlphaEarth,Spontaneously re-vegetated surfaces,0.34,36.19,12.75,0.58,1.67,4.2,268.9,264.7,25,,Model-relative min-max normalized,0.7267267267267269,0.9438528557599225,0.8949386503067486,0.4705882352941178,0.7267267267267269,0.9438528557599225,0.4666666666666663,0.8949386503067486,0.7005546269508365,73,11
RandomForestRegressor,AlphaEarth,Shrubland without tree cover,0.34,33.1,22.25,0.58,-7.2,7.5,197.0,189.5,7,,Model-relative min-max normalized,0.5739130434782599,0.5822784810126587,0.13688212927756632,0.8181818181818185,0.5739130434782599,0.5822784810126587,0.7999999999999998,0.13688212927756632,0.5822510943900607,122,4
RandomForestRegressor,AlphaEarth,Shrubland without tree cover,0.34,33.1,22.25,0.58,-7.2,7.5,197.0,189.5,7,,Model-relative min-max normalized,0.5739130434782599,0.5822784810126587,0.13688212927756632,0.8181818181818185,0.5739130434782599,0.5822784810126587,0.7999999999999998,0.13688212927756632,0.5822510943900607,122,4
GradientBoostingRegressor,Sentinel + AlphaEarth,Grassland with sparse tree/shrub cover,0.34,44.93,19.36,0.58,-3.71,6.7,486.2,479.5,53,,Model-relative min-max normalized,0.9451249387555121,0.9320388349514565,0.5123839009287926,0.9000000000000005,0.9451249387555121,0.9320388349514565,0.8888888888888887,0.5123839009287926,0.8356873127049301,33,9
GradientBoostingRegressor,AlphaEarth,Grassland with sparse tree/shrub cover,0.34,44.93,19.36,0.58,-3.71,6.7,486.2,479.5,53,,Model-relative min-max normalized,0.9451249387555121,0.9320388349514565,0.5123839009287926,0.9000000000000005,0.9451249387555121,0.9320388349514565,0.8888888888888887,0.5123839009287926,0.8356873127049301,33,9
HistGradientBoostingRegressor,Sentinel + AlphaEarth,Other bare soil,0.33,11.93,7.61,0.57,3.59,5.0,38.6,33.6,15,,Model-relative min-max normalized,0.5478806907378337,0.774859287054409,0.6040189125295509,0.20000000000000004,0.5478806907378337,0.774859287054409,0.222222222222222,0.6040189125295509,0.46979622250880315,170,33
HistGradientBoostingRegressor,AlphaEarth,Other bare soil,0.33,11.93,7.61,0.57,3.59,5.0,38.6,33.6,15,,Model-relative min-max normalized,0.5478806907378337,0.774859287054409,0.6040189125295509,0.20000000000000004,0.5478806907378337,0.774859287054409,0.222222222222222,0.6040189125295509,0.46979622250880315,170,33
ExtraTreesRegressor,AlphaEarth,Shrubland without tree cover,0.33,32.92,22.66,0.57,-4.95,7.5,197.0,189.5,7,,Model-relative min-max normalized,0.652173913043477,0.3227848101265829,0.9923954372623572,0.7272727272727275,0.652173913043477,0.3227848101265829,0.6999999999999996,0.9923954372623572,0.6789253775410289,81,3
RandomForestRegressor,Sentinel + AlphaEarth,Grassland with sparse tree/shrub cover,0.32,45.61,19.44,0.57,-2.84,6.7,486.2,479.5,53,,Model-relative min-max normalized,0.9118079372856445,0.9209431345353675,0.6470588235294118,0.7000000000000002,0.9118079372856445,0.9209431345353675,0.7777777777777775,0.6470588235294118,0.7915175346256402,48,12
RandomForestRegressor,AlphaEarth,Grassland with sparse tree/shrub cover,0.32,45.61,19.44,0.57,-2.84,6.7,486.2,479.5,53,,Model-relative min-max normalized,0.9118079372856445,0.9209431345353675,0.6470588235294118,0.7000000000000002,0.9118079372856445,0.9209431345353675,0.7777777777777775,0.6470588235294118,0.7915175346256402,48,12
VotingRegressor,Sentinel + AlphaEarth,Grassland with sparse tree/shrub cover,0.32,45.05,20.23,0.57,0.56,6.7,486.2,479.5,53,,Model-relative min-max normalized,0.9392454679078885,0.811373092926491,1.0,0.7000000000000002,0.9392454679078885,0.811373092926491,0.7777777777777775,1.0,0.8456792677224314,29,7
VotingRegressor,AlphaEarth,Grassland with sparse tree/shrub cover,0.32,45.05,20.23,0.57,0.56,6.7,486.2,479.5,53,,Model-relative min-max normalized,0.9392454679078885,0.811373092926491,1.0,0.7000000000000002,0.9392454679078885,0.811373092926491,0.7777777777777775,1.0,0.8456792677224314,29,7
BaggingRegressor,Sentinel + AlphaEarth,Other mixed woodland,0.32,74.02,41.51,0.57,0.24,9.2,182.8,173.6,21,,Model-relative min-max normalized,0.15281173594132044,0.5477031802120143,0.9694555112881805,0.3157894736842105,0.15281173594132044,0.5477031802120143,0.37499999999999956,0.9694555112881805,0.4721519802251451,168,29
BaggingRegressor,AlphaEarth,Other mixed woodland,0.32,74.02,41.51,0.57,0.24,9.2,182.8,173.6,21,,Model-relative min-max normalized,0.15281173594132044,0.5477031802120143,0.9694555112881805,0.3157894736842105,0.15281173594132044,0.5477031802120143,0.37499999999999956,0.9694555112881805,0.4721519802251451,168,29
HistGradientBoostingRegressor,Sentinel + AlphaEarth,Other bare soil,0.32,12.31,8.26,0.57,4.56,5.0,38.6,33.6,15,,Model-relative min-max normalized,0.48822605965463106,0.652908067542214,0.4893617021276596,0.17142857142857143,0.48822605965463106,0.652908067542214,0.222222222222222,0.4893617021276596,0.4048293245950596,192,39
HistGradientBoostingRegressor,AlphaEarth,Other bare soil,0.32,12.31,8.26,0.57,4.56,5.0,38.6,33.6,15,,Model-relative min-max normalized,0.48822605965463106,0.652908067542214,0.4893617021276596,0.17142857142857143,0.48822605965463106,0.652908067542214,0.222222222222222,0.4893617021276596,0.4048293245950596,192,39
RandomForestRegressor,AlphaEarth,Grassland with sparse tree/shrub cover,0.32,44.69,19.48,0.56,-2.13,6.7,486.2,479.5,53,,Model-relative min-max normalized,0.9568838804507597,0.9153952843273232,0.7569659442724459,0.7000000000000002,0.9568838804507597,0.9153952843273232,0.6666666666666675,0.7569659442724459,0.7991823551434394,47,11
GradientBoostingRegressor,AlphaEarth,Grassland with sparse tree/shrub cover,0.32,45.26,19.15,0.56,-3.29,6.7,486.2,479.5,53,,Model-relative min-max normalized,0.928956393924547,0.9611650485436897,0.5773993808049536,0.7000000000000002,0.928956393924547,0.9611650485436897,0.6666666666666675,0.5773993808049536,0.7668374979879716,56,14
GradientBoostingRegressor,Sentinel + AlphaEarth,Grassland with sparse tree/shrub cover,0.32,45.26,19.15,0.56,-3.29,6.7,486.2,479.5,53,,Model-relative min-max normalized,0.928956393924547,0.9611650485436897,0.5773993808049536,0.7000000000000002,0.928956393924547,0.9611650485436897,0.6666666666666675,0.5773993808049536,0.7668374979879716,56,14
HistGradientBoostingRegressor,Sentinel + AlphaEarth,Spontaneously re-vegetated surfaces,0.32,38.15,12.94,0.56,0.65,4.2,268.9,264.7,25,,Model-relative min-max normalized,0.43243243243243257,0.9254598257502421,0.973159509202454,0.35294117647058826,0.43243243243243257,0.9254598257502421,0.3333333333333336,0.973159509202454,0.60346525543781,109,17
HistGradientBoostingRegressor,AlphaEarth,Spontaneously re-vegetated surfaces,0.32,38.15,12.94,0.56,0.65,4.2,268.9,264.7,25,,Model-relative min-max normalized,0.43243243243243257,0.9254598257502421,0.973159509202454,0.35294117647058826,0.43243243243243257,0.9254598257502421,0.3333333333333336,0.973159509202454,0.60346525543781,109,17
GradientBoostingRegressor,AlphaEarth,Grassland with sparse tree/shrub cover,0.32,45.71,18.87,0.56,-4.39,6.7,486.2,479.5,53,,Model-relative min-max normalized,0.9069083782459579,1.0,0.40712074303405577,0.7000000000000002,0.9069083782459579,1.0,0.6666666666666675,0.40712074303405577,0.7361391575893362,61,18
GradientBoostingRegressor,Sentinel + AlphaEarth,Grassland with sparse tree/shrub cover,0.32,45.71,18.87,0.56,-4.39,6.7,486.2,479.5,53,,Model-relative min-max normalized,0.9069083782459579,1.0,0.40712074303405577,0.7000000000000002,0.9069083782459579,1.0,0.6666666666666675,0.40712074303405577,0.7361391575893362,61,18
GradientBoostingRegressor,Sentinel + AlphaEarth,Shrubland with sparse tree cover,0.32,41.75,21.02,0.56,-4.25,10.5,91.6,81.1,18,,Model-relative min-max normalized,1.0,0.9203821656050956,0.3014018691588785,1.0,1.0,0.9203821656050956,1.0,0.3014018691588785,0.8443568069527949,31,1
GradientBoostingRegressor,AlphaEarth,Shrubland with sparse tree cover,0.32,41.75,21.02,0.56,-4.25,10.5,91.6,81.1,18,,Model-relative min-max normalized,1.0,0.9203821656050956,0.3014018691588785,1.0,1.0,0.9203821656050956,1.0,0.3014018691588785,0.8443568069527949,31,1
GradientBoostingRegressor,AlphaEarth,Spontaneously re-vegetated surfaces,0.32,37.92,12.63,0.56,0.73,4.2,268.9,264.7,25,,Model-relative min-max normalized,0.4669669669669666,0.9554695062923523,0.9670245398773006,0.35294117647058826,0.4669669669669666,0.9554695062923523,0.3333333333333336,0.9670245398773006,0.6151471045881082,103,15
GradientBoostingRegressor,Sentinel + AlphaEarth,Spontaneously re-vegetated surfaces,0.32,37.92,12.63,0.56,0.73,4.2,268.9,264.7,25,,Model-relative min-max normalized,0.4669669669669666,0.9554695062923523,0.9670245398773006,0.35294117647058826,0.4669669669669666,0.9554695062923523,0.3333333333333336,0.9670245398773006,0.6151471045881082,103,15
HistGradientBoostingRegressor,AlphaEarth,Other bare soil,0.31,14.32,11.74,0.56,8.7,5.0,38.6,33.6,15,,Model-relative min-max normalized,0.17268445839874408,0.0,0.0,0.14285714285714282,0.17268445839874408,0.0,0.18518518518518534,0.0,0.10014535728821446,238,42
HistGradientBoostingRegressor,Sentinel + AlphaEarth,Other bare soil,0.31,14.32,11.74,0.56,8.7,5.0,38.6,33.6,15,,Model-relative min-max normalized,0.17268445839874408,0.0,0.0,0.14285714285714282,0.17268445839874408,0.0,0.18518518518518534,0.0,0.10014535728821446,238,42
ExtraTreesRegressor,AlphaEarth,Grassland with sparse tree/shrub cover,0.31,46.26,19.27,0.56,-4.12,6.7,486.2,479.5,53,,Model-relative min-max normalized,0.8799608035276827,0.9445214979195563,0.4489164086687306,0.6000000000000001,0.8799608035276827,0.9445214979195563,0.6666666666666675,0.4489164086687306,0.7080130753565274,69,20
ExtraTreesRegressor,Sentinel + AlphaEarth,Grassland with sparse tree/shrub cover,0.31,46.26,19.27,0.56,-4.12,6.7,486.2,479.5,53,,Model-relative min-max normalized,0.8799608035276827,0.9445214979195563,0.4489164086687306,0.6000000000000001,0.8799608035276827,0.9445214979195563,0.6666666666666675,0.4489164086687306,0.7080130753565274,69,20
RandomForestRegressor,AlphaEarth,Grassland with sparse tree/shrub cover,0.31,44.68,19.11,0.56,-2.94,6.7,486.2,479.5,53,,Model-relative min-max normalized,0.9573738363547282,0.9667128987517339,0.6315789473684211,0.6000000000000001,0.9573738363547282,0.9667128987517339,0.6666666666666675,0.6315789473684211,0.7644664698283102,58,16
RandomForestRegressor,AlphaEarth,Grassland with sparse tree/shrub cover,0.31,44.68,19.11,0.56,-2.94,6.7,486.2,479.5,53,,Model-relative min-max normalized,0.9573738363547282,0.9667128987517339,0.6315789473684211,0.6000000000000001,0.9573738363547282,0.9667128987517339,0.6666666666666675,0.6315789473684211,0.7644664698283102,58,16
ExtraTreesRegressor,Sentinel + AlphaEarth,Spontaneously re-vegetated surfaces,0.31,38.36,12.87,0.56,0.3,4.2,268.9,264.7,25,,Model-relative min-max normalized,0.4009009009009009,0.9322362052274928,1.0,0.2941176470588235,0.4009009009009009,0.9322362052274928,0.3333333333333336,1.0,0.5921176173041102,116,19
ExtraTreesRegressor,AlphaEarth,Spontaneously re-vegetated surfaces,0.31,38.36,12.87,0.56,0.3,4.2,268.9,264.7,25,,Model-relative min-max normalized,0.4009009009009009,0.9322362052274928,1.0,0.2941176470588235,0.4009009009009009,0.9322362052274928,0.3333333333333336,1.0,0.5921176173041102,116,19
ExtraTreesRegressor,AlphaEarth,Grassland with sparse tree/shrub cover,0.31,46.26,19.09,0.55,-4.79,6.7,486.2,479.5,53,,Model-relative min-max normalized,0.8799608035276827,0.969486823855756,0.34520123839009287,0.6000000000000001,0.8799608035276827,0.969486823855756,0.5555555555555562,0.34520123839009287,0.6700408842658175,84,25
ExtraTreesRegressor,Sentinel + AlphaEarth,Grassland with sparse tree/shrub cover,0.31,46.26,19.09,0.55,-4.79,6.7,486.2,479.5,53,,Model-relative min-max normalized,0.8799608035276827,0.969486823855756,0.34520123839009287,0.6000000000000001,0.8799608035276827,0.969486823855756,0.5555555555555562,0.34520123839009287,0.6700408842658175,84,25
RandomForestRegressor,Sentinel + AlphaEarth,Spontaneously re-vegetated surfaces,0.31,38.43,12.86,0.55,1.18,4.2,268.9,264.7,25,,Model-relative min-max normalized,0.39039039039039036,0.9332042594385286,0.9325153374233129,0.2941176470588235,0.39039039039039036,0.9332042594385286,0.2666666666666669,0.9325153374233129,0.5633788601955445,127,23
RandomForestRegressor,AlphaEarth,Spontaneously re-vegetated surfaces,0.31,38.43,12.86,0.55,1.18,4.2,268.9,264.7,25,,Model-relative min-max normalized,0.39039039039039036,0.9332042594385286,0.9325153374233129,0.2941176470588235,0.39039039039039036,0.9332042594385286,0.2666666666666669,0.9325153374233129,0.5633788601955445,127,23
GradientBoostingRegressor,sentinel,Potatoes,0.31,14.26,12.1,0.55,10.94,9.0,33.6,24.6,16,,Model-relative min-max normalized,0.6071979434447301,0.3333333333333334,0.2975338106603023,1.0,0.6071979434447301,0.3333333333333334,1.0,0.2975338106603023,0.6476130174876732,95,4
RandomForestRegressor,Sentinel + AlphaEarth,Spontaneously re-vegetated surfaces,0.31,38.39,13.02,0.55,0.78,4.2,268.9,264.7,25,,Model-relative min-max normalized,0.3963963963963963,0.9177153920619555,0.9631901840490799,0.2941176470588235,0.3963963963963963,0.9177153920619555,0.2666666666666669,0.9631901840490799,0.5676172572465844,125,21
RandomForestRegressor,AlphaEarth,Spontaneously re-vegetated surfaces,0.31,38.39,13.02,0.55,0.78,4.2,268.9,264.7,25,,Model-relative min-max normalized,0.3963963963963963,0.9177153920619555,0.9631901840490799,0.2941176470588235,0.3963963963963963,0.9177153920619555,0.2666666666666669,0.9631901840490799,0.5676172572465844,125,21
BaggingRegressor,Sentinel + AlphaEarth,Other coniferous woodland,0.3,71.58,49.31,0.55,7.42,8.9,446.2,437.3,10,,Model-relative min-max normalized,1.0,1.0,0.0,1.0,1.0,1.0,1.0,0.0,0.8,44,1
BaggingRegressor,AlphaEarth,Other coniferous woodland,0.3,71.58,49.31,0.55,7.42,8.9,446.2,437.3,10,,Model-relative min-max normalized,1.0,1.0,0.0,1.0,1.0,1.0,1.0,0.0,0.8,44,1
GradientBoostingRegressor,AlphaEarth,Shrubland without tree cover,0.3,33.91,22.66,0.55,-7.33,7.5,197.0,189.5,7,,Model-relative min-max normalized,0.2217391304347844,0.3227848101265829,0.08745247148288957,0.4545454545454545,0.2217391304347844,0.3227848101265829,0.5000000000000006,0.08745247148288957,0.31730437331794237,213,15
HistGradientBoostingRegressor,Sentinel + AlphaEarth,Spontaneously re-vegetated surfaces,0.3,38.32,13.69,0.55,2.09,4.2,268.9,264.7,25,,Model-relative min-max normalized,0.4069069069069068,0.8528557599225557,0.8627300613496933,0.23529411764705874,0.4069069069069068,0.8528557599225557,0.2666666666666669,0.8627300613496933,0.5248907024985763,152,25
HistGradientBoostingRegressor,AlphaEarth,Spontaneously re-vegetated surfaces,0.3,38.32,13.69,0.55,2.09,4.2,268.9,264.7,25,,Model-relative min-max normalized,0.4069069069069068,0.8528557599225557,0.8627300613496933,0.23529411764705874,0.4069069069069068,0.8528557599225557,0.2666666666666669,0.8627300613496933,0.5248907024985763,152,25
HistGradientBoostingRegressor,Sentinel + AlphaEarth,Grassland with sparse tree/shrub cover,0.3,45.85,19.17,0.55,-4.6,6.7,486.2,479.5,53,,Model-relative min-max normalized,0.9000489955903969,0.958391123439667,0.3746130030959753,0.5,0.9000489955903969,0.958391123439667,0.5555555555555562,0.3746130030959753,0.6577217355363191,89,27
HistGradientBoostingRegressor,AlphaEarth,Grassland with sparse tree/shrub cover,0.3,45.85,19.17,0.55,-4.6,6.7,486.2,479.5,53,,Model-relative min-max normalized,0.9000489955903969,0.958391123439667,0.3746130030959753,0.5,0.9000489955903969,0.958391123439667,0.5555555555555562,0.3746130030959753,0.6577217355363191,89,27
RandomForestRegressor,AlphaEarth,Grassland with sparse tree/shrub cover,0.3,45.92,20.15,0.55,-2.67,6.7,486.2,479.5,53,,Model-relative min-max normalized,0.8966193042626164,0.82246879334258,0.673374613003096,0.5,0.8966193042626164,0.82246879334258,0.5555555555555562,0.673374613003096,0.6896036532327697,76,22
RandomForestRegressor,Sentinel + AlphaEarth,Grassland with sparse tree/shrub cover,0.3,45.92,20.15,0.55,-2.67,6.7,486.2,479.5,53,,Model-relative min-max normalized,0.8966193042626164,0.82246879334258,0.673374613003096,0.5,0.8966193042626164,0.82246879334258,0.5555555555555562,0.673374613003096,0.6896036532327697,76,22
GradientBoostingRegressor,AlphaEarth,Shrubland without tree cover,0.3,33.82,22.25,0.55,-4.93,7.5,197.0,189.5,7,,Model-relative min-max normalized,0.26086956521739146,0.5822784810126587,1.0,0.4545454545454545,0.26086956521739146,0.5822784810126587,0.5000000000000006,1.0,0.5595387001551011,133,7
GradientBoostingRegressor,AlphaEarth,Shrubland without tree cover,0.3,33.82,22.25,0.55,-4.93,7.5,197.0,189.5,7,,Model-relative min-max normalized,0.26086956521739146,0.5822784810126587,1.0,0.4545454545454545,0.26086956521739146,0.5822784810126587,0.5000000000000006,1.0,0.5595387001551011,133,7
GradientBoostingRegressor,AlphaEarth,Other bare soil,0.3,11.37,7.09,0.55,0.24,2.2,115.8,113.6,145,,Model-relative min-max normalized,0.6357927786499217,0.8724202626641652,1.0,0.11428571428571424,0.6357927786499217,0.8724202626641652,0.14814814814814828,1.0,0.55412938074959,137,29
GradientBoostingRegressor,AlphaEarth,Other bare soil,0.3,11.37,7.09,0.55,0.24,2.2,115.8,113.6,145,,Model-relative min-max normalized,0.6357927786499217,0.8724202626641652,1.0,0.11428571428571424,0.6357927786499217,0.8724202626641652,0.14814814814814828,1.0,0.55412938074959,137,29
HistGradientBoostingRegressor,AlphaEarth,Shrubland with sparse tree cover,0.3,43.25,21.24,0.55,-4.89,10.5,91.6,81.1,18,,Model-relative min-max normalized,0.0,0.85031847133758,0.15186915887850475,0.6666666666666664,0.0,0.85031847133758,0.8,0.15186915887850475,0.49377085937655013,160,6
HistGradientBoostingRegressor,Sentinel + AlphaEarth,Shrubland with sparse tree cover,0.3,43.25,21.24,0.55,-4.89,10.5,91.6,81.1,18,,Model-relative min-max normalized,0.0,0.85031847133758,0.15186915887850475,0.6666666666666664,0.0,0.85031847133758,0.8,0.15186915887850475,0.49377085937655013,160,6
BaggingRegressor,AlphaEarth,Spruce dominated mixed woodland,0.3,98.64,67.48,0.54,-6.46,12.3,494.7,482.4,35,,Model-relative min-max normalized,1.0,1.0,1.0,1.0,1.0,1.0,1.0,1.0,1.0,1,1
BaggingRegressor,Sentinel + AlphaEarth,Spruce dominated mixed woodland,0.3,98.64,67.48,0.54,-6.46,12.3,494.7,482.4,35,,Model-relative min-max normalized,1.0,1.0,1.0,1.0,1.0,1.0,1.0,1.0,1.0,1,1
AdaBoostRegressor,Sentinel + AlphaEarth,Shrubland with sparse tree cover,0.29,42.36,23.21,0.54,-1.69,10.5,91.6,81.1,18,,Model-relative min-max normalized,0.5933333333333337,0.2229299363057322,0.8995327102803738,0.49999999999999956,0.5933333333333337,0.2229299363057322,0.6,0.8995327102803738,0.5631591959838879,129,3
AdaBoostRegressor,AlphaEarth,Shrubland with sparse tree cover,0.29,42.36,23.21,0.54,-1.69,10.5,91.6,81.1,18,,Model-relative min-max normalized,0.5933333333333337,0.2229299363057322,0.8995327102803738,0.49999999999999956,0.5933333333333337,0.2229299363057322,0.6,0.8995327102803738,0.5631591959838879,129,3
ExtraTreesRegressor,AlphaEarth,Sunflower,0.29,5.17,3.61,0.54,-0.58,5.5,41.1,35.6,100,,Model-relative min-max normalized,1.0,1.0,0.30769230769230793,1.0,1.0,1.0,1.0,0.30769230769230793,0.8615384615384617,24,1
AdaBoostRegressor,Sentinel + AlphaEarth,Spontaneously re-vegetated surfaces,0.29,39.77,16.22,0.54,5.39,4.2,268.9,264.7,25,,Model-relative min-max normalized,0.18918918918918878,0.6079380445304938,0.6096625766871167,0.17647058823529396,0.18918918918918878,0.6079380445304938,0.20000000000000015,0.6096625766871167,0.35665207972841867,203,33
AdaBoostRegressor,AlphaEarth,Spontaneously re-vegetated surfaces,0.29,39.77,16.22,0.54,5.39,4.2,268.9,264.7,25,,Model-relative min-max normalized,0.18918918918918878,0.6079380445304938,0.6096625766871167,0.17647058823529396,0.18918918918918878,0.6079380445304938,0.20000000000000015,0.6096625766871167,0.35665207972841867,203,33
RandomForestRegressor,Sentinel + AlphaEarth,Shrubland without tree cover,0.29,33.27,22.24,0.54,-6.7,7.5,197.0,189.5,7,,Model-relative min-max normalized,0.49999999999999845,0.5886075949367102,0.326996197718631,0.3636363636363635,0.49999999999999845,0.5886075949367102,0.40000000000000047,0.326996197718631,0.4358480312583407,178,9
RandomForestRegressor,AlphaEarth,Shrubland without tree cover,0.29,33.27,22.24,0.54,-6.7,7.5,197.0,189.5,7,,Model-relative min-max normalized,0.49999999999999845,0.5886075949367102,0.326996197718631,0.3636363636363635,0.49999999999999845,0.5886075949367102,0.40000000000000047,0.326996197718631,0.4358480312583407,178,9
BaggingRegressor,Sentinel + AlphaEarth,Grassland with sparse tree/shrub cover,0.29,46.39,20.51,0.54,-3.79,6.7,486.2,479.5,53,,Model-relative min-max normalized,0.8735913767760902,0.7725381414701802,0.5,0.3999999999999999,0.8735913767760902,0.7725381414701802,0.444444444444445,0.5,0.5981147925381431,112,30
BaggingRegressor,AlphaEarth,Grassland with sparse tree/shrub cover,0.29,46.39,20.51,0.54,-3.79,6.7,486.2,479.5,53,,Model-relative min-max normalized,0.8735913767760902,0.7725381414701802,0.5,0.3999999999999999,0.8735913767760902,0.7725381414701802,0.444444444444445,0.5,0.5981147925381431,112,30
RandomForestRegressor,sentinel,Potatoes,0.29,15.44,13.0,0.54,11.78,9.0,33.6,24.6,16,,Model-relative min-max normalized,0.5465295629820052,0.2443125618199803,0.23070803500397774,0.6666666666666664,0.5465295629820052,0.2443125618199803,0.8,0.23070803500397774,0.49764336529452596,159,5
ExtraTreesRegressor,AlphaEarth,Shrubland without tree cover,0.29,33.43,22.62,0.54,-6.88,7.5,197.0,189.5,7,,Model-relative min-max normalized,0.4304347826086957,0.34810126582278483,0.2585551330798478,0.3636363636363635,0.4304347826086957,0.34810126582278483,0.40000000000000047,0.2585551330798478,0.3601455090295385,199,13
ExtraTreesRegressor,Sentinel + AlphaEarth,Shrubland without tree cover,0.29,33.43,22.62,0.54,-6.88,7.5,197.0,189.5,7,,Model-relative min-max normalized,0.4304347826086957,0.34810126582278483,0.2585551330798478,0.3636363636363635,0.4304347826086957,0.34810126582278483,0.40000000000000047,0.2585551330798478,0.3601455090295385,199,13
ExtraTreesRegressor,AlphaEarth,Grassland with sparse tree/shrub cover,0.29,44.76,20.14,0.54,-1.72,6.7,486.2,479.5,53,,Model-relative min-max normalized,0.9534541891229791,0.8238557558945908,0.8204334365325078,0.3999999999999999,0.9534541891229791,0.8238557558945908,0.444444444444445,0.8204334365325078,0.6884375651989045,78,24
BaggingRegressor,Sentinel + AlphaEarth,Spontaneously re-vegetated surfaces,0.28,38.07,13.64,0.53,1.91,4.2,268.9,264.7,25,,Model-relative min-max normalized,0.4444444444444443,0.8576960309777347,0.8765337423312883,0.11764705882352952,0.4444444444444443,0.8576960309777347,0.13333333333333344,0.8765337423312883,0.4859309219820661,166,27
BaggingRegressor,AlphaEarth,Spontaneously re-vegetated surfaces,0.28,38.07,13.64,0.53,1.91,4.2,268.9,264.7,25,,Model-relative min-max normalized,0.4444444444444443,0.8576960309777347,0.8765337423312883,0.11764705882352952,0.4444444444444443,0.8576960309777347,0.13333333333333344,0.8765337423312883,0.4859309219820661,166,27
VotingRegressor,AlphaEarth,Grassland with sparse tree/shrub cover,0.28,44.78,20.4,0.53,-1.64,6.7,486.2,479.5,53,,Model-relative min-max normalized,0.9524742773150416,0.7877947295423026,0.8328173374613004,0.3000000000000003,0.9524742773150416,0.7877947295423026,0.33333333333333376,0.8328173374613004,0.6412839355303956,100,29
AdaBoostRegressor,Sentinel + AlphaEarth,Rye,0.28,12.36,10.77,0.53,7.69,14.4,29.6,15.2,3,,Model-relative min-max normalized,1.0,1.0,1.0,1.0,1.0,1.0,1.0,1.0,1.0,1,1
AdaBoostRegressor,AlphaEarth,Rye,0.28,12.36,10.77,0.53,7.69,14.4,29.6,15.2,3,,Model-relative min-max normalized,1.0,1.0,1.0,1.0,1.0,1.0,1.0,1.0,1.0,1,1
ExtraTreesRegressor,AlphaEarth,Shrubland without tree cover,0.28,34.42,23.17,0.53,-7.56,7.5,197.0,189.5,7,,Model-relative min-max normalized,0.0,0.0,0.0,0.272727272727273,0.0,0.0,0.3000000000000003,0.0,0.11454545454545466,234,21
ExtraTreesRegressor,AlphaEarth,Shrubland without tree cover,0.28,34.42,23.17,0.53,-7.56,7.5,197.0,189.5,7,,Model-relative min-max normalized,0.0,0.0,0.0,0.272727272727273,0.0,0.0,0.3000000000000003,0.0,0.11454545454545466,234,21
RandomForestRegressor,AlphaEarth,Shrubland with sparse tree cover,0.28,42.65,21.11,0.53,-3.38,10.5,91.6,81.1,18,,Model-relative min-max normalized,0.40000000000000097,0.89171974522293,0.5046728971962617,0.33333333333333365,0.40000000000000097,0.89171974522293,0.4,0.5046728971962617,0.5059451951505052,154,5
GradientBoostingRegressor,AlphaEarth,Potatoes,0.28,6.62,5.36,0.53,2.11,7.0,39.6,32.6,38,,Model-relative min-max normalized,1.0,1.0,1.0,0.5000000000000004,1.0,1.0,0.6,1.0,0.8200000000000001,36,1
GradientBoostingRegressor,AlphaEarth,Potatoes,0.28,6.62,5.36,0.53,2.11,7.0,39.6,32.6,38,,Model-relative min-max normalized,1.0,1.0,1.0,0.5000000000000004,1.0,1.0,0.6,1.0,0.8200000000000001,36,1
AdaBoostRegressor,Sentinel + AlphaEarth,Spontaneously re-vegetated surfaces,0.28,39.16,16.19,0.53,6.38,4.2,268.9,264.7,25,,Model-relative min-max normalized,0.2807807807807813,0.610842207163601,0.5337423312883436,0.11764705882352952,0.2807807807807813,0.610842207163601,0.13333333333333344,0.5337423312883436,0.3352691422779178,211,37
AdaBoostRegressor,AlphaEarth,Spontaneously re-vegetated surfaces,0.28,39.16,16.19,0.53,6.38,4.2,268.9,264.7,25,,Model-relative min-max normalized,0.2807807807807813,0.610842207163601,0.5337423312883436,0.11764705882352952,0.2807807807807813,0.610842207163601,0.13333333333333344,0.5337423312883436,0.3352691422779178,211,37
AdaBoostRegressor,AlphaEarth,Grassland with sparse tree/shrub cover,0.28,47.25,20.03,0.53,-4.28,6.7,486.2,479.5,53,,Model-relative min-max normalized,0.831455169034787,0.8391123439667129,0.42414860681114547,0.3000000000000003,0.831455169034787,0.8391123439667129,0.33333333333333376,0.42414860681114547,0.545609890629196,145,37
AdaBoostRegressor,Sentinel + AlphaEarth,Grassland with sparse tree/shrub cover,0.28,47.25,20.03,0.53,-4.28,6.7,486.2,479.5,53,,Model-relative min-max normalized,0.831455169034787,0.8391123439667129,0.42414860681114547,0.3000000000000003,0.831455169034787,0.8391123439667129,0.33333333333333376,0.42414860681114547,0.545609890629196,145,37
BaggingRegressor,sentinel,Other bare soil,0.28,15.42,9.28,0.53,4.46,5.0,38.6,33.6,15,,Model-relative min-max normalized,0.0,0.4615384615384617,0.5011820330969267,0.0571428571428572,0.0,0.4615384615384617,0.07407407407407414,0.5011820330969267,0.21878748517046392,227,41
RandomForestRegressor,AlphaEarth,Shrubland without tree cover,0.28,33.64,22.83,0.53,-6.88,7.5,197.0,189.5,7,,Model-relative min-max normalized,0.33913043478260857,0.21518987341772342,0.2585551330798478,0.272727272727273,0.33913043478260857,0.21518987341772342,0.3000000000000003,0.2585551330798478,0.2771205428014906,220,17
RandomForestRegressor,Sentinel + AlphaEarth,Shrubland without tree cover,0.28,33.64,22.83,0.53,-6.88,7.5,197.0,189.5,7,,Model-relative min-max normalized,0.33913043478260857,0.21518987341772342,0.2585551330798478,0.272727272727273,0.33913043478260857,0.21518987341772342,0.3000000000000003,0.2585551330798478,0.2771205428014906,220,17
VotingRegressor,AlphaEarth,Shrubland without tree cover,0.28,34.42,22.73,0.53,-5.68,7.5,197.0,189.5,7,,Model-relative min-max normalized,0.0,0.27848101265822833,0.714828897338403,0.272727272727273,0.0,0.27848101265822833,0.3000000000000003,0.714828897338403,0.3132074365447809,214,16
HistGradientBoostingRegressor,AlphaEarth,Spontaneously re-vegetated surfaces,0.28,40.01,15.64,0.53,5.05,4.2,268.9,264.7,25,,Model-relative min-max normalized,0.15315315315315353,0.6640851887705711,0.6357361963190183,0.11764705882352952,0.15315315315315353,0.6640851887705711,0.13333333333333344,0.6357361963190183,0.34079098607992114,207,35
HistGradientBoostingRegressor,Sentinel + AlphaEarth,Spontaneously re-vegetated surfaces,0.28,40.01,15.64,0.53,5.05,4.2,268.9,264.7,25,,Model-relative min-max normalized,0.15315315315315353,0.6640851887705711,0.6357361963190183,0.11764705882352952,0.15315315315315353,0.6640851887705711,0.13333333333333344,0.6357361963190183,0.34079098607992114,207,35
AdaBoostRegressor,AlphaEarth,Grassland with sparse tree/shrub cover,0.27,46.66,19.38,0.52,-3.43,6.7,486.2,479.5,53,,Model-relative min-max normalized,0.860362567368937,0.9292649098474344,0.5557275541795665,0.20000000000000023,0.860362567368937,0.9292649098474344,0.2222222222222225,0.5557275541795665,0.5535154507236321,139,32
AdaBoostRegressor,Sentinel + AlphaEarth,Grassland with sparse tree/shrub cover,0.27,46.66,19.38,0.52,-3.43,6.7,486.2,479.5,53,,Model-relative min-max normalized,0.860362567368937,0.9292649098474344,0.5557275541795665,0.20000000000000023,0.860362567368937,0.9292649098474344,0.2222222222222225,0.5557275541795665,0.5535154507236321,139,32
RandomForestRegressor,AlphaEarth,Shrubland without tree cover,0.27,33.61,22.01,0.52,-5.98,7.5,197.0,189.5,7,,Model-relative min-max normalized,0.3521739130434786,0.7341772151898727,0.600760456273764,0.181818181818182,0.3521739130434786,0.7341772151898727,0.20000000000000023,0.600760456273764,0.41378595326505946,190,11
RandomForestRegressor,Sentinel + AlphaEarth,Shrubland without tree cover,0.27,33.61,22.01,0.52,-5.98,7.5,197.0,189.5,7,,Model-relative min-max normalized,0.3521739130434786,0.7341772151898727,0.600760456273764,0.181818181818182,0.3521739130434786,0.7341772151898727,0.20000000000000023,0.600760456273764,0.41378595326505946,190,11
VotingRegressor,AlphaEarth,Spontaneously re-vegetated surfaces,0.27,37.85,13.99,0.52,3.73,4.2,268.9,264.7,25,,Model-relative min-max normalized,0.47747747747747715,0.8238141335914811,0.7369631901840491,0.05882352941176476,0.47747747747747715,0.8238141335914811,0.06666666666666672,0.7369631901840491,0.43274899946628775,182,29
RandomForestRegressor,Sentinel + AlphaEarth,Grassland with sparse tree/shrub cover,0.27,47.08,19.78,0.52,-2.98,6.7,486.2,479.5,53,,Model-relative min-max normalized,0.839784419402254,0.8737864077669902,0.6253869969040248,0.20000000000000023,0.839784419402254,0.8737864077669902,0.2222222222222225,0.6253869969040248,0.5522360092590983,141,34
RandomForestRegressor,AlphaEarth,Grassland with sparse tree/shrub cover,0.27,47.08,19.78,0.52,-2.98,6.7,486.2,479.5,53,,Model-relative min-max normalized,0.839784419402254,0.8737864077669902,0.6253869969040248,0.20000000000000023,0.839784419402254,0.8737864077669902,0.2222222222222225,0.6253869969040248,0.5522360092590983,141,34
AdaBoostRegressor,AlphaEarth,Spontaneously re-vegetated surfaces,0.27,41.03,22.5,0.52,13.34,4.2,268.9,264.7,25,,Model-relative min-max normalized,0.0,0.0,0.0,0.05882352941176476,0.0,0.0,0.06666666666666672,0.0,0.025098039215686298,243,39
AdaBoostRegressor,Sentinel + AlphaEarth,Spontaneously re-vegetated surfaces,0.27,41.03,22.5,0.52,13.34,4.2,268.9,264.7,25,,Model-relative min-max normalized,0.0,0.0,0.0,0.05882352941176476,0.0,0.0,0.06666666666666672,0.0,0.025098039215686298,243,39
BaggingRegressor,Sentinel + AlphaEarth,Shrubland with sparse tree cover,0.27,42.49,23.91,0.52,-1.26,10.5,91.6,81.1,18,,Model-relative min-max normalized,0.5066666666666654,0.0,1.0,0.16666666666666682,0.5066666666666654,0.0,0.2,1.0,0.3746666666666664,194,8
BaggingRegressor,AlphaEarth,Shrubland with sparse tree cover,0.27,42.49,23.91,0.52,-1.26,10.5,91.6,81.1,18,,Model-relative min-max normalized,0.5066666666666654,0.0,1.0,0.16666666666666682,0.5066666666666654,0.0,0.2,1.0,0.3746666666666664,194,8
ExtraTreesRegressor,AlphaEarth,Shrubland without tree cover,0.27,33.85,22.4,0.52,-6.99,7.5,197.0,189.5,7,,Model-relative min-max normalized,0.2478260869565214,0.48734177215190017,0.21673003802281346,0.181818181818182,0.2478260869565214,0.48734177215190017,0.20000000000000023,0.21673003802281346,0.2667432157898834,222,19
ExtraTreesRegressor,Sentinel + AlphaEarth,Shrubland without tree cover,0.27,33.85,22.4,0.52,-6.99,7.5,197.0,189.5,7,,Model-relative min-max normalized,0.2478260869565214,0.48734177215190017,0.21673003802281346,0.181818181818182,0.2478260869565214,0.48734177215190017,0.20000000000000023,0.21673003802281346,0.2667432157898834,222,19
RandomForestRegressor,AlphaEarth,Shrubland with sparse tree cover,0.27,43.15,20.77,0.52,-4.05,10.5,91.6,81.1,18,,Model-relative min-max normalized,0.06666666666666761,1.0,0.34813084112149534,0.16666666666666682,0.06666666666666761,1.0,0.2,0.34813084112149534,0.35629283489096597,205,10
RandomForestRegressor,AlphaEarth,Shrubland with sparse tree cover,0.27,43.15,20.77,0.52,-4.05,10.5,91.6,81.1,18,,Model-relative min-max normalized,0.06666666666666761,1.0,0.34813084112149534,0.16666666666666682,0.06666666666666761,1.0,0.2,0.34813084112149534,0.35629283489096597,205,10
VotingRegressor,AlphaEarth,Other coniferous woodland,0.27,86.25,57.06,0.52,2.25,8.9,446.2,437.3,10,,Model-relative min-max normalized,0.12470167064439157,0.17200854700854695,0.7503628447024674,0.40000000000000047,0.12470167064439157,0.17200854700854695,0.4,0.7503628447024674,0.3694146124710813,196,5
ExtraTreesRegressor,AlphaEarth,Sunflower,0.27,5.22,3.67,0.52,-0.49,5.5,41.1,35.6,100,,Model-relative min-max normalized,0.5833333333333351,0.333333333333335,1.0,0.5000000000000007,0.5833333333333351,0.333333333333335,0.5,1.0,0.5833333333333341,120,2
ExtraTreesRegressor,AlphaEarth,Sunflower,0.27,5.22,3.67,0.52,-0.49,5.5,41.1,35.6,100,,Model-relative min-max normalized,0.5833333333333351,0.333333333333335,1.0,0.5000000000000007,0.5833333333333351,0.333333333333335,0.5,1.0,0.5833333333333341,120,2
RandomForestRegressor,AlphaEarth,Potatoes,0.26,6.94,5.69,0.51,2.18,7.0,39.6,32.6,38,,Model-relative min-max normalized,0.983547557840617,0.9673590504451041,0.994431185361973,0.16666666666666682,0.983547557840617,0.9673590504451041,0.2,0.994431185361973,0.6624008920628721,88,3
AdaBoostRegressor,Sentinel + AlphaEarth,Pine dominated coniferous woodland,0.26,59.0,35.8,0.51,-1.17,6.8,419.9,413.1,24,,Model-relative min-max normalized,1.0,1.0,1.0,1.0,1.0,1.0,1.0,1.0,1.0,1,1
AdaBoostRegressor,AlphaEarth,Pine dominated coniferous woodland,0.26,59.0,35.8,0.51,-1.17,6.8,419.9,413.1,24,,Model-relative min-max normalized,1.0,1.0,1.0,1.0,1.0,1.0,1.0,1.0,1.0,1,1
VotingRegressor,AlphaEarth,Spontaneously re-vegetated surfaces,0.26,39.06,14.49,0.51,4.01,4.2,268.9,264.7,25,,Model-relative min-max normalized,0.29579579579579546,0.7754114230396902,0.7154907975460123,0.0,0.29579579579579546,0.7754114230396902,0.0,0.7154907975460123,0.3573396032762996,201,31
VotingRegressor,Sentinel + AlphaEarth,Spontaneously re-vegetated surfaces,0.26,39.06,14.49,0.51,4.01,4.2,268.9,264.7,25,,Model-relative min-max normalized,0.29579579579579546,0.7754114230396902,0.7154907975460123,0.0,0.29579579579579546,0.7754114230396902,0.0,0.7154907975460123,0.3573396032762996,201,31
AdaBoostRegressor,AlphaEarth,Other mixed woodland,0.26,74.73,46.16,0.51,-0.34,9.2,182.8,173.6,21,,Model-relative min-max normalized,0.06601466992664945,0.0,0.9561752988047809,0.0,0.06601466992664945,0.0,0.0,0.9561752988047809,0.20443799374628607,228,40
RandomForestRegressor,AlphaEarth,Other mixed woodland,0.26,74.38,42.49,0.51,-2.75,9.2,182.8,173.6,21,,Model-relative min-max normalized,0.10880195599022022,0.43227326266195487,0.6361221779548473,0.0,0.10880195599022022,0.43227326266195487,0.0,0.6361221779548473,0.23543947932140447,225,39
BaggingRegressor,sentinel,Grassland with sparse tree/shrub cover,0.26,64.22,26.08,0.51,-7.02,6.7,486.2,479.5,125,,Model-relative min-max normalized,0.0,0.0,0.0,0.10000000000000012,0.0,0.0,0.11111111111111124,0.0,0.04222222222222227,242,41
GradientBoostingRegressor,AlphaEarth,Grassland with sparse tree/shrub cover,0.26,45.4,20.19,0.51,-1.88,6.7,486.2,479.5,53,,Model-relative min-max normalized,0.9220970112689859,0.8169209431345352,0.7956656346749227,0.10000000000000012,0.9220970112689859,0.8169209431345352,0.11111111111111124,0.7956656346749227,0.5491589400379111,143,36
GradientBoostingRegressor,AlphaEarth,Shrubland with sparse tree cover,0.26,43.24,21.17,0.51,-5.54,10.5,91.6,81.1,18,,Model-relative min-max normalized,0.00666666666666534,0.8726114649681522,0.0,0.0,0.00666666666666534,0.8726114649681522,0.0,0.0,0.17585562632696353,229,12
GradientBoostingRegressor,Sentinel + AlphaEarth,Shrubland with sparse tree cover,0.26,43.24,21.17,0.51,-5.54,10.5,91.6,81.1,18,,Model-relative min-max normalized,0.00666666666666534,0.8726114649681522,0.0,0.0,0.00666666666666534,0.8726114649681522,0.0,0.0,0.17585562632696353,229,12
BaggingRegressor,sentinel,Potatoes,0.26,16.36,12.55,0.51,10.83,9.0,33.6,24.6,16,,Model-relative min-max normalized,0.499228791773779,0.2888229475766568,0.30628480509148764,0.16666666666666682,0.499228791773779,0.2888229475766568,0.2,0.30628480509148764,0.29220064222171804,217,6
GradientBoostingRegressor,AlphaEarth,Other coniferous woodland,0.26,88.34,58.67,0.51,0.53,8.9,446.2,437.3,10,,Model-relative min-max normalized,0.0,0.0,1.0,0.20000000000000023,0.0,0.0,0.2,1.0,0.2800000000000001,218,6
GradientBoostingRegressor,AlphaEarth,Other coniferous woodland,0.26,88.34,58.67,0.51,0.53,8.9,446.2,437.3,10,,Model-relative min-max normalized,0.0,0.0,1.0,0.20000000000000023,0.0,0.0,0.2,1.0,0.2800000000000001,218,6
AdaBoostRegressor,AlphaEarth,Other mixed woodland,0.26,75.27,45.62,0.51,1.62,9.2,182.8,173.6,21,,Model-relative min-max normalized,0.0,0.06360424028268545,0.7861885790172642,0.0,0.0,0.06360424028268545,0.0,0.7861885790172642,0.16995856385998992,232,41
AdaBoostRegressor,AlphaEarth,Other mixed woodland,0.26,75.27,45.62,0.51,1.62,9.2,182.8,173.6,21,,Model-relative min-max normalized,0.0,0.06360424028268545,0.7861885790172642,0.0,0.0,0.06360424028268545,0.0,0.7861885790172642,0.16995856385998992,232,41
RandomForestRegressor,AlphaEarth,Other bare soil,0.26,12.01,7.19,0.51,2.05,5.0,38.6,33.6,15,,Model-relative min-max normalized,0.5353218210361068,0.8536585365853658,0.7860520094562647,0.0,0.5353218210361068,0.8536585365853658,0.0,0.7860520094562647,0.4350064734155475,180,35
RandomForestRegressor,Sentinel + AlphaEarth,Other bare soil,0.26,12.01,7.19,0.51,2.05,5.0,38.6,33.6,15,,Model-relative min-max normalized,0.5353218210361068,0.8536585365853658,0.7860520094562647,0.0,0.5353218210361068,0.8536585365853658,0.0,0.7860520094562647,0.4350064734155475,180,35
GradientBoostingRegressor,AlphaEarth,Other coniferous woodland,0.26,86.61,55.59,0.51,-4.63,8.9,446.2,437.3,10,,Model-relative min-max normalized,0.10322195704057299,0.3290598290598289,0.4049346879535559,0.20000000000000023,0.10322195704057299,0.3290598290598289,0.2,0.4049346879535559,0.24744329481079158,224,8
BaggingRegressor,Sentinel + AlphaEarth,Grassland without tree/shrub cover,0.25,25.4,19.0,0.5,10.18,3.3,510.7,507.4,625,,Model-relative min-max normalized,1.0,1.0,0.0,1.0,1.0,1.0,1.0,0.0,0.8,44,1
BaggingRegressor,Sentinel + AlphaEarth,Grassland with sparse tree/shrub cover,0.25,46.82,20.29,0.5,-3.59,6.7,486.2,479.5,53,,Model-relative min-max normalized,0.8525232729054386,0.8030513176144246,0.5309597523219814,0.0,0.8525232729054386,0.8030513176144246,0.0,0.5309597523219814,0.4373068685683689,176,39
BaggingRegressor,AlphaEarth,Grassland with sparse tree/shrub cover,0.25,46.82,20.29,0.5,-3.59,6.7,486.2,479.5,53,,Model-relative min-max normalized,0.8525232729054386,0.8030513176144246,0.5309597523219814,0.0,0.8525232729054386,0.8030513176144246,0.0,0.5309597523219814,0.4373068685683689,176,39
BaggingRegressor,sentinel,Potatoes,0.25,26.07,15.47,0.5,14.68,9.0,33.6,24.6,16,,Model-relative min-max normalized,0.0,0.0,0.0,0.0,0.0,0.0,0.0,0.0,0.0,245,7
HistGradientBoostingRegressor,Sentinel + AlphaEarth,Shrubland without tree cover,0.25,34.25,22.81,0.5,-7.23,7.5,197.0,189.5,7,,Model-relative min-max normalized,0.07391304347826147,0.22784810126582442,0.12547528517110235,0.0,0.07391304347826147,0.22784810126582442,0.0,0.12547528517110235,0.08544728598303765,240,25
HistGradientBoostingRegressor,AlphaEarth,Shrubland without tree cover,0.25,34.25,22.81,0.5,-7.23,7.5,197.0,189.5,7,,Model-relative min-max normalized,0.07391304347826147,0.22784810126582442,0.12547528517110235,0.0,0.07391304347826147,0.22784810126582442,0.0,0.12547528517110235,0.08544728598303765,240,25
RandomForestRegressor,AlphaEarth,Sunflower,0.25,5.29,3.7,0.5,-0.62,5.5,41.1,35.6,100,,Model-relative min-max normalized,0.0,0.0,0.0,0.0,0.0,0.0,0.0,0.0,0.0,245,4
VotingRegressor,Sentinel + AlphaEarth,Grassland without tree/shrub cover,0.25,27.13,19.76,0.5,9.42,3.3,510.7,507.4,625,,Model-relative min-max normalized,0.0,0.0,1.0,1.0,0.0,0.0,1.0,1.0,0.6,111,2
GradientBoostingRegressor,AlphaEarth,Other coniferous woodland,0.25,72.12,50.39,0.5,-1.45,8.9,446.2,437.3,10,,Model-relative min-max normalized,0.9677804295942717,0.8846153846153848,0.8664731494920174,0.0,0.9677804295942717,0.8846153846153848,0.0,0.8664731494920174,0.5437737927403348,147,3
GradientBoostingRegressor,Sentinel + AlphaEarth,Other coniferous woodland,0.25,72.12,50.39,0.5,-1.45,8.9,446.2,437.3,10,,Model-relative min-max normalized,0.9677804295942717,0.8846153846153848,0.8664731494920174,0.0,0.9677804295942717,0.8846153846153848,0.0,0.8664731494920174,0.5437737927403348,147,3
ExtraTreesRegressor,Sentinel + AlphaEarth,Shrubland without tree cover,0.25,34.27,22.69,0.5,-7.19,7.5,197.0,189.5,7,,Model-relative min-max normalized,0.06521739130434709,0.3037974683544303,0.14068441064638754,0.0,0.06521739130434709,0.3037974683544303,0.0,0.14068441064638754,0.10193985406103297,236,23
ExtraTreesRegressor,AlphaEarth,Shrubland without tree cover,0.25,34.27,22.69,0.5,-7.19,7.5,197.0,189.5,7,,Model-relative min-max normalized,0.06521739130434709,0.3037974683544303,0.14068441064638754,0.0,0.06521739130434709,0.3037974683544303,0.0,0.14068441064638754,0.10193985406103297,236,23
