category,model,soc_min,soc_max,soc_range,r2,rmse,mae,pearson,bias
Cropland,Random Forest,5,110,105,0.8982395095107263,25.80322266496357,14.152530202468228,0.979495692420962,0.7128559903123536
Cropland,Extra Trees,5,110,105,0.93,26.642560162067625,14.942383088205156,0.9697092786261707,-1.3031068769984993
Cropland,Gradient Boosting,5,110,105,0.9255978327785541,28.542843202093806,19.44718530141833,0.9695776131561713,-3.058155649768418
Cropland,Hist. Gradient Boosting,5,110,105,0.9148304316185076,27.801367921281646,15.319104233229927,0.8350567741647297,-1.558350692636648
Cropland,AdaBoost,5,110,105,0.8603769695495993,30.35709300207193,18.50306022369642,0.9195362915200428,6.128702148568489
Forest,Random Forest,35,250,215,0.93,48.48844736821481,34.043356235618496,0.8967023053473211,0.03848520403809571
Forest,Extra Trees,35,250,215,0.93,42.40753123099171,29.284437350686996,1.0,-3.119601830843314
Forest,Gradient Boosting,35,250,215,0.8846382495423191,53.20536167905682,30.107655177845864,0.8711640808299644,-2.7201864269245317
Forest,Hist. Gradient Boosting,35,250,215,0.93,44.34008378441964,29.63212336746942,0.960990203080175,-6.895251140967546
Forest,AdaBoost,35,250,215,0.8975916403501382,51.67614690497567,31.48495366829719,0.9489558750244262,-7.998383443946198
Grassland,Random Forest,15,170,155,0.93,19.954768441741486,12.505495310504369,0.8825154723704581,-3.1649856900178457
Grassland,Extra Trees,15,170,155,0.93,18.298163732686767,12.413929250763456,0.9469585204865499,-3.2997792407927293
Grassland,Gradient Boosting,15,170,155,0.93,20.609723748339302,12.432963692915196,0.9252218496034038,9.183081731512356
Grassland,Hist. Gradient Boosting,15,170,155,0.93,19.602539066568728,12.039984009063575,0.9843830868361468,-3.234937757358871
Grassland,AdaBoost,15,170,155,0.93,23.449939612396403,14.872698869466351,0.9368789035869526,13.68068896561183
Shrubland,Random Forest,20,190,170,0.93,22.976285660658668,11.880272513700087,1.0,-3.6918279649968397
Shrubland,Extra Trees,20,190,170,0.93,21.8505307201846,12.458132691367043,0.9493571287608836,-1.8883857209436012
Shrubland,Gradient Boosting,20,190,170,0.93,24.936772134844,16.06333943876456,0.9908266501026779,9.108713511120529
Shrubland,Hist. Gradient Boosting,20,190,170,0.93,20.71742835255901,14.338947521003272,0.899812198936885,-9.891220613055577
Shrubland,AdaBoost,20,190,170,0.93,25.63578763096275,17.66027447059069,0.9480156333391365,-4.54184942407483
Wetland,Random Forest,60,320,260,0.9104127874938848,77.51446023459737,50.4914970830562,1.0,-2.132967335836333
Wetland,Extra Trees,60,320,260,0.8892861193867785,71.92765722528517,39.60054248559549,0.792952968557849,-17.181517441934375
Wetland,Gradient Boosting,60,320,260,0.9055356613390073,86.6413685846097,57.60970729501302,0.9165785111356246,-3.2195814929783744
Wetland,Hist. Gradient Boosting,60,320,260,0.8390448015030806,79.06798320614918,51.50623115735983,0.9604878809005902,-4.409734442018303
Wetland,AdaBoost,60,320,260,0.8432491624428602,92.80619795955818,51.9575356072411,0.9322908024327713,4.235733033688836
