category,model,FeatureOrigin,r2,rmse,mae,pearson,bias,soc_min,soc_max,category_n,soc_range,,,
Oats,AdaBoostRegressor,AlphaEarth,0.92,41.52,22.95,0.96,0.34,14.7,45.2,4,30.5,,,
Oats,AdaBoostRegressor,AlphaEarth,0.92,41.52,22.95,0.96,0.34,14.7,45.2,4,30.5,,,
Oats,GradientBoostingRegressor,AlphaEarth,0.75,54.58,20.55,0.87,-9.18,14.7,45.2,4,30.5,,,
Oats,VotingRegressor,AlphaEarth,0.73,53.4,22.17,0.85,-6.64,14.7,45.2,4,30.5,,,
Oats,RandomForestRegressor,AlphaEarth,0.66,54.67,21.42,0.81,-7.91,14.7,45.2,4,30.5,,,
Oats,ExtraTreesRegressor,AlphaEarth,0.64,54.67,21.49,0.8,-8.22,14.7,45.2,4,30.5,,,
Other bare soil,VotingRegressor,AlphaEarth,0.61,9.43,7.23,0.78,3.92,5,38.6,15,33.6,,,
Other bare soil,GradientBoostingRegressor,AlphaEarth,0.6,9.24,6.82,0.78,2.7,5,38.6,15,33.6,,,
Other bare soil,GradientBoostingRegressor,Sentinel + AlphaEarth,0.6,9.24,6.82,0.78,2.7,5,38.6,15,33.6,,,
Oats,ExtraTreesRegressor,AlphaEarth,0.59,55.97,21.97,0.77,-8.59,14.7,45.2,4,30.5,,,
Oats,ExtraTreesRegressor,AlphaEarth,0.59,55.97,21.97,0.77,-8.59,14.7,45.2,4,30.5,,,
Other bare soil,GradientBoostingRegressor,AlphaEarth,0.58,9.05,6.56,0.76,2.35,5,38.6,15,33.6,,,
Other bare soil,GradientBoostingRegressor,AlphaEarth,0.58,9.05,6.56,0.76,2.35,5,38.6,15,33.6,,,
Other bare soil,RandomForestRegressor,AlphaEarth,0.57,9.25,6.51,0.75,2.22,5,38.6,15,33.6,,,
Other bare soil,RandomForestRegressor,AlphaEarth,0.57,9.25,6.51,0.75,2.22,5,38.6,15,33.6,,,
Other bare soil,GradientBoostingRegressor,AlphaEarth,0.55,9.54,6.97,0.74,3,5,38.6,15,33.6,,,
Other bare soil,GradientBoostingRegressor,AlphaEarth,0.55,9.91,7.22,0.74,3.24,5,38.6,15,33.6,,,
Other bare soil,GradientBoostingRegressor,Sentinel + AlphaEarth,0.55,9.91,7.22,0.74,3.24,5,38.6,15,33.6,,,
Other bare soil,ExtraTreesRegressor,AlphaEarth,0.55,9.35,6.41,0.74,1.64,5,38.6,15,33.6,,,
Oats,RandomForestRegressor,AlphaEarth,0.52,56.38,21.91,0.72,-8.31,14.7,45.2,4,30.5,,,
Oats,RandomForestRegressor,AlphaEarth,0.52,56.38,21.91,0.72,-8.31,14.7,45.2,4,30.5,,,
Oats,GradientBoostingRegressor,AlphaEarth,0.51,55.85,21.59,0.72,-8.79,14.7,45.2,4,30.5,,,
Oats,GradientBoostingRegressor,AlphaEarth,0.51,55.85,21.59,0.72,-8.79,14.7,45.2,4,30.5,,,
Other bare soil,BaggingRegressor,AlphaEarth,0.5,13.43,8.46,0.71,5.01,5,38.6,15,33.6,,,
Other bare soil,BaggingRegressor,Sentinel + AlphaEarth,0.5,13.43,8.46,0.71,5.01,5,38.6,15,33.6,,,
Other bare soil,ExtraTreesRegressor,AlphaEarth,0.5,9.92,6.68,0.71,2.07,5,38.6,15,33.6,,,
Other bare soil,ExtraTreesRegressor,AlphaEarth,0.5,9.92,6.68,0.71,2.07,5,38.6,15,33.6,,,
Other bare soil,RandomForestRegressor,Sentinel + AlphaEarth,0.49,10.21,6.79,0.7,2.39,5,38.6,15,33.6,,,
Other bare soil,RandomForestRegressor,AlphaEarth,0.49,10.21,6.79,0.7,2.39,5,38.6,15,33.6,,,
Other bare soil,RandomForestRegressor,AlphaEarth,0.46,10.49,7.33,0.68,3.02,5,38.6,15,33.6,,,
Other bare soil,VotingRegressor,AlphaEarth,0.46,11.89,9.22,0.68,6.3,5,38.6,15,33.6,,,
Other bare soil,VotingRegressor,Sentinel + AlphaEarth,0.46,11.89,9.22,0.68,6.3,5,38.6,15,33.6,,,
Other mixed woodland,AdaBoostRegressor,Sentinel + AlphaEarth,0.45,67.58,37.67,0.67,-7.54,9.2,182.8,21,173.6,,,
Other mixed woodland,AdaBoostRegressor,AlphaEarth,0.45,67.58,37.67,0.67,-7.54,9.2,182.8,21,173.6,,,
Other bare soil,ExtraTreesRegressor,Sentinel + AlphaEarth,0.45,10.63,6.8,0.67,2.36,5,38.6,15,33.6,,,
Other bare soil,ExtraTreesRegressor,AlphaEarth,0.45,10.63,6.8,0.67,2.36,5,38.6,15,33.6,,,
Other mixed woodland,ExtraTreesRegressor,AlphaEarth,0.44,67.09,40.01,0.67,3.24,9.2,182.8,21,173.6,,,
Other mixed woodland,ExtraTreesRegressor,Sentinel + AlphaEarth,0.44,67.09,40.01,0.67,3.24,9.2,182.8,21,173.6,,,
Other mixed woodland,HistGradientBoostingRegressor,AlphaEarth,0.44,70.11,39.06,0.66,-7.48,9.2,182.8,21,173.6,,,
Other mixed woodland,HistGradientBoostingRegressor,Sentinel + AlphaEarth,0.44,70.11,39.06,0.66,-7.48,9.2,182.8,21,173.6,,,
Spontaneously re-vegetated surfaces,ExtraTreesRegressor,AlphaEarth,0.43,34.37,12.32,0.66,1.64,4.2,268.9,25,264.7,,,
Spontaneously re-vegetated surfaces,ExtraTreesRegressor,AlphaEarth,0.43,34.37,12.32,0.66,1.64,4.2,268.9,25,264.7,,,
Other bare soil,RandomForestRegressor,Sentinel + AlphaEarth,0.43,10.94,7.43,0.65,3.1,5,38.6,15,33.6,,,
Other bare soil,RandomForestRegressor,AlphaEarth,0.43,10.94,7.43,0.65,3.1,5,38.6,15,33.6,,,
Other bare soil,GradientBoostingRegressor,Sentinel + AlphaEarth,0.42,11.07,7.9,0.65,3.77,5,38.6,15,33.6,,,
Other bare soil,GradientBoostingRegressor,AlphaEarth,0.42,11.07,7.9,0.65,3.77,5,38.6,15,33.6,,,
Other mixed woodland,VotingRegressor,AlphaEarth,0.42,68.8,41.77,0.65,4.54,9.2,182.8,21,173.6,,,
Other mixed woodland,VotingRegressor,Sentinel + AlphaEarth,0.42,68.8,41.77,0.65,4.54,9.2,182.8,21,173.6,,,
Other mixed woodland,RandomForestRegressor,AlphaEarth,0.41,69.21,41.38,0.64,4.71,9.2,182.8,21,173.6,,,
Other mixed woodland,RandomForestRegressor,Sentinel + AlphaEarth,0.41,69.21,41.38,0.64,4.71,9.2,182.8,21,173.6,,,
Other mixed woodland,RandomForestRegressor,AlphaEarth,0.41,69.2,42.16,0.64,4.29,9.2,182.8,21,173.6,,,
Other mixed woodland,RandomForestRegressor,Sentinel + AlphaEarth,0.41,69.2,42.16,0.64,4.29,9.2,182.8,21,173.6,,,
Other mixed woodland,GradientBoostingRegressor,Sentinel + AlphaEarth,0.4,69.36,41.01,0.64,2.51,9.2,182.8,21,173.6,,,
Other mixed woodland,GradientBoostingRegressor,AlphaEarth,0.4,69.36,41.01,0.64,2.51,9.2,182.8,21,173.6,,,
Other bare soil,ExtraTreesRegressor,AlphaEarth,0.4,11,6.99,0.63,1.97,5,38.6,15,33.6,,,
Other bare soil,ExtraTreesRegressor,Sentinel + AlphaEarth,0.4,11,6.99,0.63,1.97,5,38.6,15,33.6,,,
Other mixed woodland,AdaBoostRegressor,Sentinel + AlphaEarth,0.4,69.71,42.68,0.63,2.7,9.2,182.8,21,173.6,,,
Other mixed woodland,AdaBoostRegressor,AlphaEarth,0.4,69.71,42.68,0.63,2.7,9.2,182.8,21,173.6,,,
Spontaneously re-vegetated surfaces,ExtraTreesRegressor,AlphaEarth,0.39,34.82,12.17,0.63,1.66,4.2,268.9,25,264.7,,,
Other bare soil,ExtraTreesRegressor,Sentinel + AlphaEarth,0.39,11.17,7.38,0.62,3.04,5,38.6,15,33.6,,,
Other bare soil,ExtraTreesRegressor,AlphaEarth,0.39,11.17,7.38,0.62,3.04,5,38.6,15,33.6,,,
Other mixed woodland,RandomForestRegressor,Sentinel + AlphaEarth,0.38,70.88,43.1,0.62,5.65,9.2,182.8,21,173.6,,,
Other mixed woodland,RandomForestRegressor,AlphaEarth,0.38,70.88,43.1,0.62,5.65,9.2,182.8,21,173.6,,,
Spontaneously re-vegetated surfaces,AdaBoostRegressor,AlphaEarth,0.38,38.06,20.3,0.61,12.06,4.2,268.9,25,264.7,,,
Other mixed woodland,GradientBoostingRegressor,AlphaEarth,0.37,71.21,41.4,0.61,1.54,9.2,182.8,21,173.6,,,
Other mixed woodland,GradientBoostingRegressor,Sentinel + AlphaEarth,0.37,71.21,41.4,0.61,1.54,9.2,182.8,21,173.6,,,
Other mixed woodland,BaggingRegressor,AlphaEarth,0.37,71.43,44.24,0.61,3.38,9.2,182.8,21,173.6,,,
Other mixed woodland,BaggingRegressor,Sentinel + AlphaEarth,0.37,71.43,44.24,0.61,3.38,9.2,182.8,21,173.6,,,
Spontaneously re-vegetated surfaces,ExtraTreesRegressor,AlphaEarth,0.37,37.17,12.29,0.61,0.61,4.2,268.9,25,264.7,,,
Spontaneously re-vegetated surfaces,ExtraTreesRegressor,Sentinel + AlphaEarth,0.37,37.17,12.29,0.61,0.61,4.2,268.9,25,264.7,,,
Other mixed woodland,ExtraTreesRegressor,AlphaEarth,0.37,71.58,42.31,0.61,4.47,9.2,182.8,21,173.6,,,
Other mixed woodland,ExtraTreesRegressor,Sentinel + AlphaEarth,0.37,71.58,42.31,0.61,4.47,9.2,182.8,21,173.6,,,
Oats,AdaBoostRegressor,AlphaEarth,0.37,59.38,28.85,0.6,0.18,14.7,45.2,4,30.5,,,
Other mixed woodland,HistGradientBoostingRegressor,Sentinel + AlphaEarth,0.36,71.94,41.52,0.6,1.82,9.2,182.8,21,173.6,,,
Other mixed woodland,HistGradientBoostingRegressor,AlphaEarth,0.36,71.94,41.52,0.6,1.82,9.2,182.8,21,173.6,,,
Shrubland without tree cover,HistGradientBoostingRegressor,AlphaEarth,0.36,32.12,21.59,0.6,-7.39,7.5,197,7,189.5,,,
Shrubland without tree cover,HistGradientBoostingRegressor,Sentinel + AlphaEarth,0.36,32.12,21.59,0.6,-7.39,7.5,197,7,189.5,,,
Spontaneously re-vegetated surfaces,RandomForestRegressor,AlphaEarth,0.36,35.85,12.91,0.6,2.3,4.2,268.9,25,264.7,,,
Spontaneously re-vegetated surfaces,GradientBoostingRegressor,AlphaEarth,0.36,37.67,12.74,0.6,0.68,4.2,268.9,25,264.7,,,
Spontaneously re-vegetated surfaces,GradientBoostingRegressor,Sentinel + AlphaEarth,0.36,37.67,12.74,0.6,0.68,4.2,268.9,25,264.7,,,
Other bare soil,BaggingRegressor,Sentinel + AlphaEarth,0.36,13.51,8.16,0.6,4.07,5,38.6,15,33.6,,,
Other bare soil,BaggingRegressor,AlphaEarth,0.36,13.51,8.16,0.6,4.07,5,38.6,15,33.6,,,
Spontaneously re-vegetated surfaces,RandomForestRegressor,Sentinel + AlphaEarth,0.35,37.48,12.62,0.59,0.65,4.2,268.9,25,264.7,,,
Spontaneously re-vegetated surfaces,RandomForestRegressor,AlphaEarth,0.35,37.48,12.62,0.59,0.65,4.2,268.9,25,264.7,,,
Grassland with sparse tree/shrub cover,ExtraTreesRegressor,Sentinel + AlphaEarth,0.35,45.36,19,0.59,-3.81,6.7,486.2,53,479.5,,,
Grassland with sparse tree/shrub cover,ExtraTreesRegressor,AlphaEarth,0.35,45.36,19,0.59,-3.81,6.7,486.2,53,479.5,,,
Grassland with sparse tree/shrub cover,HistGradientBoostingRegressor,AlphaEarth,0.35,45.68,19.55,0.59,-4.09,6.7,486.2,53,479.5,,,
Grassland with sparse tree/shrub cover,HistGradientBoostingRegressor,Sentinel + AlphaEarth,0.35,45.68,19.55,0.59,-4.09,6.7,486.2,53,479.5,,,
Other mixed woodland,GradientBoostingRegressor,AlphaEarth,0.35,73.74,44.12,0.59,6.54,9.2,182.8,21,173.6,,,
Other mixed woodland,GradientBoostingRegressor,Sentinel + AlphaEarth,0.35,73.74,44.12,0.59,6.54,9.2,182.8,21,173.6,,,
Other mixed woodland,AdaBoostRegressor,AlphaEarth,0.35,72.49,43.29,0.59,-0.01,9.2,182.8,21,173.6,,,
Other mixed woodland,AdaBoostRegressor,Sentinel + AlphaEarth,0.35,72.49,43.29,0.59,-0.01,9.2,182.8,21,173.6,,,
Shrubland without tree cover,RandomForestRegressor,AlphaEarth,0.34,33.18,22.49,0.59,-7.02,7.5,197,7,189.5,,,
Other mixed woodland,BaggingRegressor,AlphaEarth,0.34,73.67,44.34,0.59,4.85,9.2,182.8,21,173.6,,,
Other mixed woodland,BaggingRegressor,Sentinel + AlphaEarth,0.34,73.67,44.34,0.59,4.85,9.2,182.8,21,173.6,,,
Oats,GradientBoostingRegressor,AlphaEarth,0.34,60.75,21.67,0.58,-12.51,4,364.5,33,360.5,,,
Grassland with sparse tree/shrub cover,ExtraTreesRegressor,AlphaEarth,0.34,43.81,19.08,0.58,-2.68,6.7,486.2,53,479.5,,,
Grassland with sparse tree/shrub cover,ExtraTreesRegressor,AlphaEarth,0.34,43.81,19.08,0.58,-2.68,6.7,486.2,53,479.5,,,
Other mixed woodland,HistGradientBoostingRegressor,AlphaEarth,0.34,74.54,40.43,0.58,-2.8,9.2,182.8,21,173.6,,,
Other mixed woodland,HistGradientBoostingRegressor,Sentinel + AlphaEarth,0.34,74.54,40.43,0.58,-2.8,9.2,182.8,21,173.6,,,
Spontaneously re-vegetated surfaces,ExtraTreesRegressor,Sentinel + AlphaEarth,0.34,37.96,12.65,0.58,0.73,4.2,268.9,25,264.7,,,
Spontaneously re-vegetated surfaces,ExtraTreesRegressor,AlphaEarth,0.34,37.96,12.65,0.58,0.73,4.2,268.9,25,264.7,,,
Other mixed woodland,ExtraTreesRegressor,Sentinel + AlphaEarth,0.34,73.44,44.05,0.58,4,9.2,182.8,21,173.6,,,
Other mixed woodland,ExtraTreesRegressor,AlphaEarth,0.34,73.44,44.05,0.58,4,9.2,182.8,21,173.6,,,
Spontaneously re-vegetated surfaces,RandomForestRegressor,AlphaEarth,0.34,36.19,12.75,0.58,1.67,4.2,268.9,25,264.7,,,
Spontaneously re-vegetated surfaces,RandomForestRegressor,AlphaEarth,0.34,36.19,12.75,0.58,1.67,4.2,268.9,25,264.7,,,
Shrubland without tree cover,RandomForestRegressor,AlphaEarth,0.34,33.1,22.25,0.58,-7.2,7.5,197,7,189.5,,,
Shrubland without tree cover,RandomForestRegressor,AlphaEarth,0.34,33.1,22.25,0.58,-7.2,7.5,197,7,189.5,,,
Grassland with sparse tree/shrub cover,GradientBoostingRegressor,Sentinel + AlphaEarth,0.34,44.93,19.36,0.58,-3.71,6.7,486.2,53,479.5,,,
Grassland with sparse tree/shrub cover,GradientBoostingRegressor,AlphaEarth,0.34,44.93,19.36,0.58,-3.71,6.7,486.2,53,479.5,,,
Other bare soil,HistGradientBoostingRegressor,Sentinel + AlphaEarth,0.33,11.93,7.61,0.57,3.59,5,38.6,15,33.6,,,
Other bare soil,HistGradientBoostingRegressor,AlphaEarth,0.33,11.93,7.61,0.57,3.59,5,38.6,15,33.6,,,
Shrubland without tree cover,ExtraTreesRegressor,AlphaEarth,0.33,32.92,22.66,0.57,-4.95,7.5,197,7,189.5,,,
Grassland with sparse tree/shrub cover,RandomForestRegressor,Sentinel + AlphaEarth,0.32,45.61,19.44,0.57,-2.84,6.7,486.2,53,479.5,,,
Grassland with sparse tree/shrub cover,RandomForestRegressor,AlphaEarth,0.32,45.61,19.44,0.57,-2.84,6.7,486.2,53,479.5,,,
Grassland with sparse tree/shrub cover,VotingRegressor,Sentinel + AlphaEarth,0.32,45.05,20.23,0.57,0.56,6.7,486.2,53,479.5,,,
Grassland with sparse tree/shrub cover,VotingRegressor,AlphaEarth,0.32,45.05,20.23,0.57,0.56,6.7,486.2,53,479.5,,,
Other mixed woodland,BaggingRegressor,Sentinel + AlphaEarth,0.32,74.02,41.51,0.57,0.24,9.2,182.8,21,173.6,,,
Other mixed woodland,BaggingRegressor,AlphaEarth,0.32,74.02,41.51,0.57,0.24,9.2,182.8,21,173.6,,,
Other bare soil,HistGradientBoostingRegressor,Sentinel + AlphaEarth,0.32,12.31,8.26,0.57,4.56,5,38.6,15,33.6,,,
Other bare soil,HistGradientBoostingRegressor,AlphaEarth,0.32,12.31,8.26,0.57,4.56,5,38.6,15,33.6,,,
Grassland with sparse tree/shrub cover,RandomForestRegressor,AlphaEarth,0.32,44.69,19.48,0.56,-2.13,6.7,486.2,53,479.5,,,
Grassland with sparse tree/shrub cover,GradientBoostingRegressor,AlphaEarth,0.32,45.26,19.15,0.56,-3.29,6.7,486.2,53,479.5,,,
Grassland with sparse tree/shrub cover,GradientBoostingRegressor,Sentinel + AlphaEarth,0.32,45.26,19.15,0.56,-3.29,6.7,486.2,53,479.5,,,
Spontaneously re-vegetated surfaces,HistGradientBoostingRegressor,Sentinel + AlphaEarth,0.32,38.15,12.94,0.56,0.65,4.2,268.9,25,264.7,,,
Spontaneously re-vegetated surfaces,HistGradientBoostingRegressor,AlphaEarth,0.32,38.15,12.94,0.56,0.65,4.2,268.9,25,264.7,,,
Grassland with sparse tree/shrub cover,GradientBoostingRegressor,AlphaEarth,0.32,45.71,18.87,0.56,-4.39,6.7,486.2,53,479.5,,,
Grassland with sparse tree/shrub cover,GradientBoostingRegressor,Sentinel + AlphaEarth,0.32,45.71,18.87,0.56,-4.39,6.7,486.2,53,479.5,,,
Shrubland with sparse tree cover,GradientBoostingRegressor,Sentinel + AlphaEarth,0.32,41.75,21.02,0.56,-4.25,10.5,91.6,18,81.1,,,
Shrubland with sparse tree cover,GradientBoostingRegressor,AlphaEarth,0.32,41.75,21.02,0.56,-4.25,10.5,91.6,18,81.1,,,
Spontaneously re-vegetated surfaces,GradientBoostingRegressor,AlphaEarth,0.32,37.92,12.63,0.56,0.73,4.2,268.9,25,264.7,,,
Spontaneously re-vegetated surfaces,GradientBoostingRegressor,Sentinel + AlphaEarth,0.32,37.92,12.63,0.56,0.73,4.2,268.9,25,264.7,,,
Other bare soil,HistGradientBoostingRegressor,AlphaEarth,0.31,14.32,11.74,0.56,8.7,5,38.6,15,33.6,,,
Other bare soil,HistGradientBoostingRegressor,Sentinel + AlphaEarth,0.31,14.32,11.74,0.56,8.7,5,38.6,15,33.6,,,
Grassland with sparse tree/shrub cover,ExtraTreesRegressor,AlphaEarth,0.31,46.26,19.27,0.56,-4.12,6.7,486.2,53,479.5,,,
Grassland with sparse tree/shrub cover,ExtraTreesRegressor,Sentinel + AlphaEarth,0.31,46.26,19.27,0.56,-4.12,6.7,486.2,53,479.5,,,
Grassland with sparse tree/shrub cover,RandomForestRegressor,AlphaEarth,0.31,44.68,19.11,0.56,-2.94,6.7,486.2,53,479.5,,,
Grassland with sparse tree/shrub cover,RandomForestRegressor,AlphaEarth,0.31,44.68,19.11,0.56,-2.94,6.7,486.2,53,479.5,,,
Spontaneously re-vegetated surfaces,ExtraTreesRegressor,Sentinel + AlphaEarth,0.31,38.36,12.87,0.56,0.3,4.2,268.9,25,264.7,,,
Spontaneously re-vegetated surfaces,ExtraTreesRegressor,AlphaEarth,0.31,38.36,12.87,0.56,0.3,4.2,268.9,25,264.7,,,
Grassland with sparse tree/shrub cover,ExtraTreesRegressor,AlphaEarth,0.31,46.26,19.09,0.55,-4.79,6.7,486.2,53,479.5,,,
Grassland with sparse tree/shrub cover,ExtraTreesRegressor,Sentinel + AlphaEarth,0.31,46.26,19.09,0.55,-4.79,6.7,486.2,53,479.5,,,
Spontaneously re-vegetated surfaces,RandomForestRegressor,Sentinel + AlphaEarth,0.31,38.43,12.86,0.55,1.18,4.2,268.9,25,264.7,,,
Spontaneously re-vegetated surfaces,RandomForestRegressor,AlphaEarth,0.31,38.43,12.86,0.55,1.18,4.2,268.9,25,264.7,,,
Potatoes,GradientBoostingRegressor,sentinel,0.31,14.26,12.1,0.55,10.94,9,33.6,16,24.6,,,
Spontaneously re-vegetated surfaces,RandomForestRegressor,Sentinel + AlphaEarth,0.31,38.39,13.02,0.55,0.78,4.2,268.9,25,264.7,,,
Spontaneously re-vegetated surfaces,RandomForestRegressor,AlphaEarth,0.31,38.39,13.02,0.55,0.78,4.2,268.9,25,264.7,,,
Other coniferous woodland,BaggingRegressor,Sentinel + AlphaEarth,0.3,71.58,49.31,0.55,7.42,8.9,446.2,10,437.3,,,
Other coniferous woodland,BaggingRegressor,AlphaEarth,0.3,71.58,49.31,0.55,7.42,8.9,446.2,10,437.3,,,
Shrubland without tree cover,GradientBoostingRegressor,AlphaEarth,0.3,33.91,22.66,0.55,-7.33,7.5,197,7,189.5,,,
Spontaneously re-vegetated surfaces,HistGradientBoostingRegressor,Sentinel + AlphaEarth,0.3,38.32,13.69,0.55,2.09,4.2,268.9,25,264.7,,,
Spontaneously re-vegetated surfaces,HistGradientBoostingRegressor,AlphaEarth,0.3,38.32,13.69,0.55,2.09,4.2,268.9,25,264.7,,,
Grassland with sparse tree/shrub cover,HistGradientBoostingRegressor,Sentinel + AlphaEarth,0.3,45.85,19.17,0.55,-4.6,6.7,486.2,53,479.5,,,
Grassland with sparse tree/shrub cover,HistGradientBoostingRegressor,AlphaEarth,0.3,45.85,19.17,0.55,-4.6,6.7,486.2,53,479.5,,,
Grassland with sparse tree/shrub cover,RandomForestRegressor,AlphaEarth,0.3,45.92,20.15,0.55,-2.67,6.7,486.2,53,479.5,,,
Grassland with sparse tree/shrub cover,RandomForestRegressor,Sentinel + AlphaEarth,0.3,45.92,20.15,0.55,-2.67,6.7,486.2,53,479.5,,,
Shrubland without tree cover,GradientBoostingRegressor,AlphaEarth,0.3,33.82,22.25,0.55,-4.93,7.5,197,7,189.5,,,
Shrubland without tree cover,GradientBoostingRegressor,AlphaEarth,0.3,33.82,22.25,0.55,-4.93,7.5,197,7,189.5,,,
Other bare soil,GradientBoostingRegressor,AlphaEarth,0.3,11.37,7.09,0.55,0.24,2.2,115.8,145,113.6,,,
Other bare soil,GradientBoostingRegressor,AlphaEarth,0.3,11.37,7.09,0.55,0.24,2.2,115.8,145,113.6,,,
Shrubland with sparse tree cover,HistGradientBoostingRegressor,AlphaEarth,0.3,43.25,21.24,0.55,-4.89,10.5,91.6,18,81.1,,,
Shrubland with sparse tree cover,HistGradientBoostingRegressor,Sentinel + AlphaEarth,0.3,43.25,21.24,0.55,-4.89,10.5,91.6,18,81.1,,,
Spruce dominated mixed woodland,BaggingRegressor,AlphaEarth,0.3,98.64,67.48,0.54,-6.46,12.3,494.7,35,482.4,,,
Spruce dominated mixed woodland,BaggingRegressor,Sentinel + AlphaEarth,0.3,98.64,67.48,0.54,-6.46,12.3,494.7,35,482.4,,,
Shrubland with sparse tree cover,AdaBoostRegressor,Sentinel + AlphaEarth,0.29,42.36,23.21,0.54,-1.69,10.5,91.6,18,81.1,,,
Shrubland with sparse tree cover,AdaBoostRegressor,AlphaEarth,0.29,42.36,23.21,0.54,-1.69,10.5,91.6,18,81.1,,,
Sunflower,ExtraTreesRegressor,AlphaEarth,0.29,5.17,3.61,0.54,-0.58,5.5,41.1,100,35.6,,,
Spontaneously re-vegetated surfaces,AdaBoostRegressor,Sentinel + AlphaEarth,0.29,39.77,16.22,0.54,5.39,4.2,268.9,25,264.7,,,
Spontaneously re-vegetated surfaces,AdaBoostRegressor,AlphaEarth,0.29,39.77,16.22,0.54,5.39,4.2,268.9,25,264.7,,,
Shrubland without tree cover,RandomForestRegressor,Sentinel + AlphaEarth,0.29,33.27,22.24,0.54,-6.7,7.5,197,7,189.5,,,
Shrubland without tree cover,RandomForestRegressor,AlphaEarth,0.29,33.27,22.24,0.54,-6.7,7.5,197,7,189.5,,,
Grassland with sparse tree/shrub cover,BaggingRegressor,Sentinel + AlphaEarth,0.29,46.39,20.51,0.54,-3.79,6.7,486.2,53,479.5,,,
Grassland with sparse tree/shrub cover,BaggingRegressor,AlphaEarth,0.29,46.39,20.51,0.54,-3.79,6.7,486.2,53,479.5,,,
Potatoes,RandomForestRegressor,sentinel,0.29,15.44,13,0.54,11.78,9,33.6,16,24.6,,,
Shrubland without tree cover,ExtraTreesRegressor,AlphaEarth,0.29,33.43,22.62,0.54,-6.88,7.5,197,7,189.5,,,
Shrubland without tree cover,ExtraTreesRegressor,Sentinel + AlphaEarth,0.29,33.43,22.62,0.54,-6.88,7.5,197,7,189.5,,,
Grassland with sparse tree/shrub cover,ExtraTreesRegressor,AlphaEarth,0.29,44.76,20.14,0.54,-1.72,6.7,486.2,53,479.5,,,
Spontaneously re-vegetated surfaces,BaggingRegressor,Sentinel + AlphaEarth,0.28,38.07,13.64,0.53,1.91,4.2,268.9,25,264.7,,,
Spontaneously re-vegetated surfaces,BaggingRegressor,AlphaEarth,0.28,38.07,13.64,0.53,1.91,4.2,268.9,25,264.7,,,
Grassland with sparse tree/shrub cover,VotingRegressor,AlphaEarth,0.28,44.78,20.4,0.53,-1.64,6.7,486.2,53,479.5,,,
Rye,AdaBoostRegressor,Sentinel + AlphaEarth,0.28,12.36,10.77,0.53,7.69,14.4,29.6,3,15.2,,,
Rye,AdaBoostRegressor,AlphaEarth,0.28,12.36,10.77,0.53,7.69,14.4,29.6,3,15.2,,,
Shrubland without tree cover,ExtraTreesRegressor,AlphaEarth,0.28,34.42,23.17,0.53,-7.56,7.5,197,7,189.5,,,
Shrubland without tree cover,ExtraTreesRegressor,AlphaEarth,0.28,34.42,23.17,0.53,-7.56,7.5,197,7,189.5,,,
Shrubland with sparse tree cover,RandomForestRegressor,AlphaEarth,0.28,42.65,21.11,0.53,-3.38,10.5,91.6,18,81.1,,,
Potatoes,GradientBoostingRegressor,AlphaEarth,0.28,6.62,5.36,0.53,2.11,7,39.6,38,32.6,,,
Potatoes,GradientBoostingRegressor,AlphaEarth,0.28,6.62,5.36,0.53,2.11,7,39.6,38,32.6,,,
Spontaneously re-vegetated surfaces,AdaBoostRegressor,Sentinel + AlphaEarth,0.28,39.16,16.19,0.53,6.38,4.2,268.9,25,264.7,,,
Spontaneously re-vegetated surfaces,AdaBoostRegressor,AlphaEarth,0.28,39.16,16.19,0.53,6.38,4.2,268.9,25,264.7,,,
Grassland with sparse tree/shrub cover,AdaBoostRegressor,AlphaEarth,0.28,47.25,20.03,0.53,-4.28,6.7,486.2,53,479.5,,,
Grassland with sparse tree/shrub cover,AdaBoostRegressor,Sentinel + AlphaEarth,0.28,47.25,20.03,0.53,-4.28,6.7,486.2,53,479.5,,,
Other bare soil,BaggingRegressor,sentinel,0.28,15.42,9.28,0.53,4.46,5,38.6,15,33.6,,,
Shrubland without tree cover,RandomForestRegressor,AlphaEarth,0.28,33.64,22.83,0.53,-6.88,7.5,197,7,189.5,,,
Shrubland without tree cover,RandomForestRegressor,Sentinel + AlphaEarth,0.28,33.64,22.83,0.53,-6.88,7.5,197,7,189.5,,,
Shrubland without tree cover,VotingRegressor,AlphaEarth,0.28,34.42,22.73,0.53,-5.68,7.5,197,7,189.5,,,
Spontaneously re-vegetated surfaces,HistGradientBoostingRegressor,AlphaEarth,0.28,40.01,15.64,0.53,5.05,4.2,268.9,25,264.7,,,
Spontaneously re-vegetated surfaces,HistGradientBoostingRegressor,Sentinel + AlphaEarth,0.28,40.01,15.64,0.53,5.05,4.2,268.9,25,264.7,,,
Grassland with sparse tree/shrub cover,AdaBoostRegressor,AlphaEarth,0.27,46.66,19.38,0.52,-3.43,6.7,486.2,53,479.5,,,
Grassland with sparse tree/shrub cover,AdaBoostRegressor,Sentinel + AlphaEarth,0.27,46.66,19.38,0.52,-3.43,6.7,486.2,53,479.5,,,
Shrubland without tree cover,RandomForestRegressor,AlphaEarth,0.27,33.61,22.01,0.52,-5.98,7.5,197,7,189.5,,,
Shrubland without tree cover,RandomForestRegressor,Sentinel + AlphaEarth,0.27,33.61,22.01,0.52,-5.98,7.5,197,7,189.5,,,
Spontaneously re-vegetated surfaces,VotingRegressor,AlphaEarth,0.27,37.85,13.99,0.52,3.73,4.2,268.9,25,264.7,,,
Grassland with sparse tree/shrub cover,RandomForestRegressor,Sentinel + AlphaEarth,0.27,47.08,19.78,0.52,-2.98,6.7,486.2,53,479.5,,,
Grassland with sparse tree/shrub cover,RandomForestRegressor,AlphaEarth,0.27,47.08,19.78,0.52,-2.98,6.7,486.2,53,479.5,,,
Spontaneously re-vegetated surfaces,AdaBoostRegressor,AlphaEarth,0.27,41.03,22.5,0.52,13.34,4.2,268.9,25,264.7,,,
Spontaneously re-vegetated surfaces,AdaBoostRegressor,Sentinel + AlphaEarth,0.27,41.03,22.5,0.52,13.34,4.2,268.9,25,264.7,,,
Shrubland with sparse tree cover,BaggingRegressor,Sentinel + AlphaEarth,0.27,42.49,23.91,0.52,-1.26,10.5,91.6,18,81.1,,,
Shrubland with sparse tree cover,BaggingRegressor,AlphaEarth,0.27,42.49,23.91,0.52,-1.26,10.5,91.6,18,81.1,,,
Shrubland without tree cover,ExtraTreesRegressor,AlphaEarth,0.27,33.85,22.4,0.52,-6.99,7.5,197,7,189.5,,,
Shrubland without tree cover,ExtraTreesRegressor,Sentinel + AlphaEarth,0.27,33.85,22.4,0.52,-6.99,7.5,197,7,189.5,,,
Shrubland with sparse tree cover,RandomForestRegressor,AlphaEarth,0.27,43.15,20.77,0.52,-4.05,10.5,91.6,18,81.1,,,
Shrubland with sparse tree cover,RandomForestRegressor,AlphaEarth,0.27,43.15,20.77,0.52,-4.05,10.5,91.6,18,81.1,,,
Other coniferous woodland,VotingRegressor,AlphaEarth,0.27,86.25,57.06,0.52,2.25,8.9,446.2,10,437.3,,,
Sunflower,ExtraTreesRegressor,AlphaEarth,0.27,5.22,3.67,0.52,-0.49,5.5,41.1,100,35.6,,,
Sunflower,ExtraTreesRegressor,AlphaEarth,0.27,5.22,3.67,0.52,-0.49,5.5,41.1,100,35.6,,,
Potatoes,RandomForestRegressor,AlphaEarth,0.26,6.94,5.69,0.51,2.18,7,39.6,38,32.6,,,
Pine dominated coniferous woodland,AdaBoostRegressor,Sentinel + AlphaEarth,0.26,59,35.8,0.51,-1.17,6.8,419.9,24,413.1,,,
Pine dominated coniferous woodland,AdaBoostRegressor,AlphaEarth,0.26,59,35.8,0.51,-1.17,6.8,419.9,24,413.1,,,
Spontaneously re-vegetated surfaces,VotingRegressor,AlphaEarth,0.26,39.06,14.49,0.51,4.01,4.2,268.9,25,264.7,,,
Spontaneously re-vegetated surfaces,VotingRegressor,Sentinel + AlphaEarth,0.26,39.06,14.49,0.51,4.01,4.2,268.9,25,264.7,,,
Other mixed woodland,AdaBoostRegressor,AlphaEarth,0.26,74.73,46.16,0.51,-0.34,9.2,182.8,21,173.6,,,
Other mixed woodland,RandomForestRegressor,AlphaEarth,0.26,74.38,42.49,0.51,-2.75,9.2,182.8,21,173.6,,,
Grassland with sparse tree/shrub cover,BaggingRegressor,sentinel,0.26,64.22,26.08,0.51,-7.02,6.7,486.2,125,479.5,,,
Grassland with sparse tree/shrub cover,GradientBoostingRegressor,AlphaEarth,0.26,45.4,20.19,0.51,-1.88,6.7,486.2,53,479.5,,,
Shrubland with sparse tree cover,GradientBoostingRegressor,AlphaEarth,0.26,43.24,21.17,0.51,-5.54,10.5,91.6,18,81.1,,,
Shrubland with sparse tree cover,GradientBoostingRegressor,Sentinel + AlphaEarth,0.26,43.24,21.17,0.51,-5.54,10.5,91.6,18,81.1,,,
Potatoes,BaggingRegressor,sentinel,0.26,16.36,12.55,0.51,10.83,9,33.6,16,24.6,,,
Other coniferous woodland,GradientBoostingRegressor,AlphaEarth,0.26,88.34,58.67,0.51,0.53,8.9,446.2,10,437.3,,,
Other coniferous woodland,GradientBoostingRegressor,AlphaEarth,0.26,88.34,58.67,0.51,0.53,8.9,446.2,10,437.3,,,
Other mixed woodland,AdaBoostRegressor,AlphaEarth,0.26,75.27,45.62,0.51,1.62,9.2,182.8,21,173.6,,,
Other mixed woodland,AdaBoostRegressor,AlphaEarth,0.26,75.27,45.62,0.51,1.62,9.2,182.8,21,173.6,,,
Other bare soil,RandomForestRegressor,AlphaEarth,0.26,12.01,7.19,0.51,2.05,5,38.6,15,33.6,,,
Other bare soil,RandomForestRegressor,Sentinel + AlphaEarth,0.26,12.01,7.19,0.51,2.05,5,38.6,15,33.6,,,
Other coniferous woodland,GradientBoostingRegressor,AlphaEarth,0.26,86.61,55.59,0.51,-4.63,8.9,446.2,10,437.3,,,
Grassland without tree/shrub cover,BaggingRegressor,Sentinel + AlphaEarth,0.25,25.4,19,0.5,10.18,3.3,510.7,625,507.4,,,
Grassland with sparse tree/shrub cover,BaggingRegressor,Sentinel + AlphaEarth,0.25,46.82,20.29,0.5,-3.59,6.7,486.2,53,479.5,,,
Grassland with sparse tree/shrub cover,BaggingRegressor,AlphaEarth,0.25,46.82,20.29,0.5,-3.59,6.7,486.2,53,479.5,,,
Potatoes,BaggingRegressor,sentinel,0.25,26.07,15.47,0.5,14.68,9,33.6,16,24.6,,,
Shrubland without tree cover,HistGradientBoostingRegressor,Sentinel + AlphaEarth,0.25,34.25,22.81,0.5,-7.23,7.5,197,7,189.5,,,
Shrubland without tree cover,HistGradientBoostingRegressor,AlphaEarth,0.25,34.25,22.81,0.5,-7.23,7.5,197,7,189.5,,,
Sunflower,RandomForestRegressor,AlphaEarth,0.25,5.29,3.7,0.5,-0.62,5.5,41.1,100,35.6,,,
Grassland without tree/shrub cover,VotingRegressor,Sentinel + AlphaEarth,0.25,27.13,19.76,0.5,9.42,3.3,510.7,625,507.4,,,
Other coniferous woodland,GradientBoostingRegressor,AlphaEarth,0.25,72.12,50.39,0.5,-1.45,8.9,446.2,10,437.3,,,
Other coniferous woodland,GradientBoostingRegressor,Sentinel + AlphaEarth,0.25,72.12,50.39,0.5,-1.45,8.9,446.2,10,437.3,,,
Shrubland without tree cover,ExtraTreesRegressor,Sentinel + AlphaEarth,0.25,34.27,22.69,0.5,-7.19,7.5,197,7,189.5,,,
Shrubland without tree cover,ExtraTreesRegressor,AlphaEarth,0.25,34.27,22.69,0.5,-7.19,7.5,197,7,189.5,,,
