id,edad,imc,presion_sistolica,colesterol,dias_hospitalizacion
1,69,23.7,168.0,320.0,4
2,32,33.8,127.0,302.0,7
3,89,16.8,143.0,311.0,7
4,78,34.9,148.0,320.0,9
5,38,25.5,115.0,258.0,5
6,41,27.0,129.0,276.0,6
7,20,23.6,115.0,260.0,6
8,39,26.8,133.0,253.0,4
9,70,33.4,130.0,320.0,6
10,19,30.9,109.0,229.0,3
11,47,29.5,105.0,266.0,5
12,55,27.4,116.0,295.0,7
13,19,19.8,118.0,177.0,3
14,81,22.8,136.0,320.0,7
15,77,25.3,135.0,290.0,4
16,38,29.3,120.0,277.0,4
17,50,27.3,136.0,318.0,4
18,75,31.9,131.0,314.0,8
19,39,29.4,90.0,222.0,6
20,66,27.3,127.0,299.0,7
21,76,38.4,159.0,320.0,7
22,59,29.0,137.0,249.0,7
23,77,24.8,161.0,320.0,7
24,32,36.3,102.0,295.0,5
25,79,33.0,127.0,320.0,6
26,79,36.1,152.0,320.0,7
27,64,26.4,139.0,265.0,6
28,79,31.9,150.0,320.0,7
29,68,19.7,150.0,290.0,4
30,72,30.9,147.0,320.0,9
31,81,26.2,153.0,320.0,7
32,20,20.2,117.0,259.0,3
33,68,32.2,145.0,320.0,9
34,24,17.9,121.0,248.0,2
35,38,17.4,132.0,229.0,2
36,90,28.8,172.0,320.0,9
37,56,29.9,124.0,275.0,8
38,35,31.9,124.0,283.0,5
39,21,30.7,104.0,262.0,5
40,77,34.4,135.0,320.0,6
41,31,30.5,107.0,267.0,5
42,26,26.3,118.0,256.0,4
43,70,26.6,146.0,320.0,7
44,19,25.6,112.0,231.0,4
45,77,28.5,142.0,309.0,5
46,88,21.5,152.0,320.0,6
47,61,28.7,144.0,283.0,4
48,25,26.6,93.0,220.0,3
49,64,28.4,137.0,320.0,6
50,52,28.4,130.0,320.0,6
51,53,16.0,138.0,250.0,5
52,67,22.5,122.0,288.0,6
53,21,26.5,127.0,255.0,2
54,19,26.7,110.0,228.0,2
55,23,28.3,113.0,236.0,5
56,71,28.5,136.0,320.0,4
57,21,34.6,115.0,285.0,6
58,71,28.6,142.0,320.0,5
59,80,25.4,162.0,293.0,9
60,35,19.0,100.0,233.0,4
61,61,20.2,137.0,291.0,5
62,51,29.7,133.0,274.0,7
63,79,32.3,144.0,320.0,6
64,31,34.7,110.0,315.0,5
65,65,22.9,133.0,282.0,4
66,32,25.5,118.0,261.0,3
67,89,28.2,131.0,320.0,7
68,79,37.2,158.0,320.0,9
69,57,27.6,126.0,318.0,7
70,70,34.8,142.0,320.0,5
71,41,27.8,126.0,257.0,5
72,43,32.8,117.0,304.0,5
73,77,32.1,143.0,320.0,7
74,58,27.8,108.0,296.0,9
75,46,21.9,134.0,254.0,5
76,32,25.7,129.0,228.0,5
77,62,34.4,115.0,282.0,9
78,82,31.4,143.0,295.0,8
79,88,24.8,137.0,320.0,6
80,26,25.3,110.0,255.0,3
81,18,18.3,114.0,208.0,3
82,25,34.2,123.0,266.0,5
83,80,31.4,160.0,320.0,6
84,28,26.3,129.0,252.0,5
85,25,28.0,109.0,224.0,4
86,52,16.1,115.0,283.0,7
87,52,24.6,127.0,292.0,5
88,50,33.7,135.0,314.0,7
89,22,31.9,95.0,285.0,4
90,58,28.7,153.0,283.0,7
91,45,26.9,135.0,311.0,6
92,24,31.0,108.0,261.0,3
93,90,25.6,145.0,320.0,7
94,89,18.7,145.0,320.0,7
95,29,27.0,115.0,234.0,4
96,51,29.0,125.0,308.0,7
97,50,32.6,139.0,312.0,5
98,65,19.8,133.0,289.0,4
99,40,26.4,127.0,271.0,6
100,79,26.6,146.0,320.0,6
101,54,21.5,133.0,298.0,5
102,61,29.4,132.0,320.0,4
103,52,30.7,137.0,302.0,10
104,82,25.5,157.0,290.0,6
105,64,37.3,142.0,320.0,9
106,20,25.4,115.0,261.0,4
107,18,24.8,95.0,296.0,5
108,22,24.6,113.0,270.0,6
109,31,22.9,130.0,203.0,5
110,44,24.2,129.0,274.0,5
111,26,19.8,100.0,281.0,4
112,32,26.0,115.0,277.0,6
113,59,27.3,138.0,309.0,9
114,68,16.0,130.0,304.0,6
115,80,26.5,131.0,312.0,9
116,69,27.2,136.0,320.0,6
117,21,29.6,100.0,250.0,6
118,40,33.0,121.0,291.0,7
119,32,31.3,97.0,297.0,5
120,60,23.9,141.0,270.0,4
121,46,23.3,117.0,305.0,6
122,53,29.9,141.0,290.0,5
123,30,24.3,111.0,260.0,3
124,49,20.9,127.0,235.0,3
125,88,38.9,150.0,320.0,8
126,76,25.4,136.0,320.0,7
127,45,23.9,154.0,260.0,6
128,83,16.0,143.0,274.0,6
129,59,31.3,146.0,319.0,7
130,62,22.1,122.0,320.0,5
131,79,27.1,151.0,291.0,7
132,74,31.8,149.0,306.0,9
133,23,22.1,110.0,227.0,4
134,45,27.4,117.0,262.0,5
135,45,34.6,121.0,282.0,5
136,61,16.0,130.0,220.0,4
137,47,22.9,154.0,287.0,4
138,79,22.5,146.0,320.0,6
139,79,26.1,153.0,282.0,4
140,18,26.8,128.0,281.0,3
141,44,21.7,113.0,307.0,5
142,79,23.7,147.0,299.0,6
143,20,23.1,105.0,266.0,4
144,87,25.2,151.0,319.0,7
145,89,28.1,151.0,320.0,7
146,44,31.6,115.0,272.0,6
147,26,32.3,114.0,320.0,5
148,79,30.3,134.0,320.0,7
149,54,22.6,142.0,284.0,7
150,68,27.0,147.0,295.0,6
151,61,38.9,129.0,320.0,7
152,41,32.1,116.0,320.0,6
153,76,24.8,148.0,320.0,6
154,49,34.9,117.0,320.0,6
155,69,25.1,162.0,293.0,5
156,79,23.7,151.0,320.0,6
157,75,34.0,148.0,320.0,9
158,69,20.5,148.0,320.0,5
159,29,17.4,107.0,261.0,4
160,56,31.7,144.0,293.0,7
161,19,27.1,109.0,270.0,4
162,20,27.6,119.0,266.0,5
163,73,25.2,140.0,245.0,4
164,76,25.8,160.0,320.0,7
165,19,24.7,112.0,229.0,4
166,19,23.9,134.0,215.0,4
167,71,25.1,137.0,290.0,4
168,18,24.9,109.0,236.0,5
169,36,22.9,106.0,270.0,3
170,19,24.3,101.0,205.0,4
171,70,16.0,148.0,289.0,6
172,61,30.4,148.0,320.0,8
173,49,29.0,162.0,320.0,9
174,87,26.6,150.0,310.0,5
175,49,28.2,116.0,281.0,5
176,85,28.4,159.0,320.0,8
177,72,23.4,128.0,320.0,5
178,73,24.3,149.0,304.0,7
179,34,29.6,111.0,304.0,6
180,55,28.0,133.0,249.0,6
181,41,37.2,135.0,273.0,7
182,86,35.1,150.0,320.0,10
183,87,31.7,163.0,316.0,6
184,28,23.2,124.0,218.0,4
185,33,24.2,94.0,244.0,3
186,90,22.0,143.0,320.0,8
187,76,28.4,126.0,280.0,4
188,87,16.0,176.0,312.0,7
189,20,24.7,107.0,267.0,4
190,37,25.5,140.0,261.0,4
191,76,19.4,125.0,293.0,5
192,53,31.0,123.0,313.0,6
193,36,21.3,128.0,248.0,5
194,84,28.3,152.0,320.0,6
195,36,40.9,125.0,280.0,5
196,37,18.9,104.0,247.0,5
197,88,26.3,169.0,320.0,7
198,69,25.0,149.0,299.0,5
199,50,24.0,132.0,208.0,5
200,57,30.8,124.0,304.0,6
201,56,32.5,135.0,320.0,8
202,18,30.9,103.0,275.0,4
203,28,23.4,93.0,257.0,4
204,74,39.2,142.0,320.0,9
205,67,18.1,137.0,296.0,5
206,40,21.8,134.0,246.0,5
207,48,27.8,99.0,296.0,5
208,59,27.4,136.0,304.0,8
209,24,29.4,97.0,235.0,6
210,33,34.9,120.0,265.0,4
211,77,26.4,150.0,320.0,7
212,19,27.6,106.0,242.0,3
213,18,24.0,116.0,215.0,4
214,65,29.9,122.0,293.0,6
215,29,25.4,127.0,248.0,3
216,86,25.4,142.0,320.0,8
217,54,29.7,111.0,288.0,6
218,49,32.2,124.0,301.0,6
219,26,16.0,90.0,227.0,3
220,36,28.8,121.0,246.0,5
221,65,25.6,134.0,260.0,6
222,20,31.7,123.0,235.0,4
223,37,25.7,127.0,273.0,1
224,41,33.5,105.0,296.0,6
225,71,23.6,131.0,320.0,4
226,50,16.0,134.0,260.0,4
227,41,32.3,132.0,288.0,4
228,89,22.8,168.0,314.0,5
229,53,19.1,144.0,292.0,7
230,55,27.1,130.0,272.0,5
231,42,25.8,127.0,246.0,4
232,35,31.1,133.0,294.0,6
233,83,31.5,145.0,312.0,7
234,71,27.5,146.0,320.0,9
235,52,22.6,125.0,280.0,5
236,78,28.4,139.0,320.0,7
237,58,27.8,133.0,281.0,7
238,50,29.8,119.0,288.0,8
239,85,22.6,149.0,312.0,6
240,50,25.0,115.0,269.0,4
241,31,29.5,113.0,285.0,7
242,38,33.2,125.0,278.0,7
243,65,31.8,130.0,320.0,8
244,37,27.4,119.0,320.0,4
245,25,24.6,113.0,240.0,6
246,24,29.0,116.0,262.0,4
247,84,21.5,148.0,320.0,7
248,34,22.9,130.0,300.0,5
249,50,34.5,102.0,307.0,5
250,65,29.0,173.0,293.0,5
251,76,25.3,134.0,287.0,4
252,39,31.1,125.0,283.0,6
253,47,33.4,114.0,291.0,4
254,55,24.8,138.0,320.0,5
255,68,24.9,143.0,320.0,6
256,71,24.2,133.0,283.0,3
257,25,31.8,124.0,250.0,6
258,44,31.9,122.0,296.0,3
259,44,33.9,130.0,320.0,6
260,38,32.0,109.0,287.0,6
261,47,18.8,125.0,245.0,5
262,45,28.4,148.0,284.0,6
263,81,21.7,159.0,299.0,9
264,86,24.4,155.0,320.0,7
265,78,27.9,140.0,311.0,8
266,65,31.2,138.0,307.0,6
267,36,22.5,121.0,286.0,5
268,21,16.0,114.0,199.0,5
269,52,27.9,116.0,257.0,5
270,81,40.2,156.0,320.0,9
271,66,26.0,125.0,298.0,7
272,34,27.2,137.0,280.0,4
273,61,35.9,125.0,320.0,4
274,47,30.0,129.0,292.0,6
275,63,28.1,148.0,307.0,8
276,23,29.2,107.0,239.0,3
277,54,28.3,134.0,299.0,7
278,41,21.3,139.0,282.0,6
279,63,20.3,143.0,263.0,2
280,70,36.4,145.0,320.0,7
281,77,27.9,125.0,320.0,6
282,80,27.5,136.0,320.0,7
283,49,26.5,139.0,318.0,5
284,50,30.9,134.0,285.0,5
285,84,39.7,158.0,320.0,11
286,35,29.6,125.0,280.0,5
287,42,24.1,138.0,278.0,4
288,71,26.3,138.0,320.0,6
289,75,32.4,145.0,320.0,8
290,84,24.1,137.0,320.0,7
291,63,31.3,121.0,320.0,6
292,41,16.0,102.0,240.0,3
293,49,25.9,116.0,253.0,4
294,64,30.1,155.0,319.0,6
295,40,33.4,102.0,317.0,7
296,83,22.9,145.0,320.0,5
297,44,19.5,108.0,280.0,5
298,19,25.7,100.0,232.0,5
299,34,21.4,119.0,244.0,4
300,50,26.3,119.0,298.0,5
301,26,27.0,125.0,242.0,3
302,60,20.4,152.0,270.0,7
303,65,31.0,110.0,320.0,5
304,56,26.2,123.0,313.0,7
305,59,32.4,134.0,310.0,7
306,43,17.8,136.0,224.0,4
307,67,21.9,133.0,278.0,5
308,42,29.6,122.0,290.0,3
309,41,23.0,108.0,270.0,5
310,30,26.2,96.0,265.0,5
311,77,27.0,162.0,320.0,6
312,24,27.8,90.0,255.0,4
313,74,23.6,171.0,318.0,7
314,53,27.7,138.0,293.0,7
315,62,23.1,143.0,320.0,6
316,37,30.4,126.0,316.0,4
317,82,26.4,145.0,300.0,6
318,25,27.8,116.0,250.0,5
319,33,39.8,114.0,302.0,7
320,31,21.5,122.0,240.0,3
321,32,33.9,115.0,320.0,9
322,83,16.0,138.0,307.0,4
323,49,16.6,116.0,237.0,3
324,80,20.8,135.0,320.0,6
325,68,21.1,151.0,303.0,6
326,42,28.0,115.0,288.0,4
327,75,28.4,121.0,320.0,7
328,80,25.7,152.0,320.0,7
329,79,26.3,165.0,318.0,7
330,39,29.6,130.0,232.0,5
331,75,31.2,137.0,320.0,7
332,75,20.4,125.0,320.0,4
333,66,25.2,136.0,302.0,5
334,69,26.7,138.0,257.0,6
335,59,29.4,122.0,295.0,6
336,87,23.1,158.0,320.0,7
337,32,26.6,138.0,276.0,6
338,71,27.1,144.0,296.0,6
339,77,23.5,147.0,301.0,6
340,25,23.4,100.0,234.0,4
341,70,27.5,157.0,300.0,7
342,77,26.3,144.0,272.0,5
343,22,29.5,102.0,276.0,4
344,85,21.7,151.0,320.0,8
345,23,25.2,116.0,209.0,5
346,64,25.9,138.0,320.0,8
347,72,31.1,156.0,320.0,8
348,57,22.3,137.0,315.0,4
349,69,28.2,136.0,318.0,7
350,33,28.3,121.0,272.0,7
351,30,35.2,120.0,293.0,7
352,47,22.0,110.0,250.0,4
353,36,23.7,132.0,290.0,6
354,34,22.3,113.0,225.0,2
355,80,18.7,144.0,295.0,5
356,36,35.8,127.0,307.0,5
357,75,20.8,153.0,292.0,6
358,72,22.9,133.0,320.0,7
359,79,33.6,156.0,320.0,8
360,40,18.2,114.0,275.0,3
361,26,30.8,134.0,218.0,5
362,29,19.9,104.0,243.0,3
363,18,33.2,110.0,288.0,4
364,75,16.2,134.0,259.0,5
365,18,18.2,133.0,238.0,2
366,51,24.3,113.0,299.0,3
367,65,31.9,144.0,292.0,5
368,18,26.8,98.0,265.0,2
369,33,25.3,112.0,267.0,5
370,78,33.7,151.0,320.0,8
371,81,37.8,162.0,320.0,9
372,80,30.4,166.0,320.0,8
373,86,23.9,132.0,285.0,7
374,39,24.9,124.0,210.0,3
375,84,20.6,167.0,320.0,7
376,43,27.5,103.0,308.0,4
377,33,18.9,120.0,249.0,5
378,68,29.8,139.0,319.0,5
379,74,37.0,148.0,320.0,7
380,46,30.6,116.0,269.0,5
381,86,24.7,134.0,320.0,5
382,64,29.6,114.0,320.0,6
383,79,35.1,158.0,320.0,8
384,86,34.9,164.0,320.0,8
385,33,22.0,120.0,256.0,2
386,65,29.6,131.0,320.0,9
387,56,26.2,112.0,316.0,6
388,50,31.0,134.0,286.0,9
389,40,28.9,108.0,296.0,4
390,27,16.0,104.0,217.0,4
391,86,25.3,144.0,320.0,8
392,51,28.0,126.0,276.0,5
393,69,19.8,131.0,271.0,7
394,27,29.9,113.0,267.0,4
395,36,19.4,111.0,201.0,3
396,75,23.0,152.0,303.0,2
397,18,33.7,119.0,224.0,5
398,86,22.6,152.0,320.0,5
399,21,29.9,114.0,283.0,4
400,33,18.2,142.0,219.0,2
401,41,37.4,108.0,316.0,6
402,19,25.5,93.0,265.0,5
403,49,27.5,135.0,311.0,6
404,41,27.9,145.0,284.0,6
405,29,30.0,111.0,287.0,7
406,67,19.4,159.0,274.0,5
407,52,27.0,130.0,293.0,5
408,50,23.7,119.0,267.0,6
409,50,18.6,116.0,246.0,5
410,78,31.9,153.0,320.0,8
411,68,25.2,128.0,316.0,5
412,60,28.2,135.0,320.0,7
413,29,27.9,133.0,269.0,5
414,84,25.3,146.0,320.0,8
415,82,36.9,164.0,320.0,8
416,50,26.8,113.0,320.0,4
417,57,19.2,126.0,230.0,5
418,60,25.0,117.0,279.0,2
419,61,29.5,136.0,320.0,6
420,46,29.7,134.0,281.0,4
421,30,21.6,115.0,268.0,3
422,29,31.6,129.0,278.0,4
423,63,18.2,127.0,320.0,7
424,19,32.7,110.0,234.0,6
425,52,20.4,122.0,303.0,5
426,25,25.9,116.0,295.0,6
427,43,32.3,129.0,268.0,4
428,51,27.6,135.0,311.0,5
429,24,31.1,98.0,240.0,6
430,85,30.1,140.0,320.0,8
431,75,33.4,135.0,320.0,7
432,46,32.3,122.0,237.0,4
433,53,24.7,130.0,296.0,7
434,38,30.2,128.0,284.0,3
435,53,19.4,119.0,308.0,4
436,27,26.7,93.0,271.0,5
437,90,31.1,179.0,320.0,10
438,41,27.7,108.0,281.0,6
439,81,29.2,158.0,320.0,8
440,66,25.9,138.0,302.0,5
441,53,32.6,132.0,297.0,7
442,41,26.6,122.0,220.0,4
443,40,24.7,116.0,263.0,3
444,79,31.4,152.0,288.0,8
445,54,20.0,125.0,285.0,6
446,29,29.5,128.0,236.0,6
447,72,21.8,149.0,281.0,6
448,30,33.4,122.0,262.0,4
449,40,25.7,115.0,266.0,2
450,47,27.7,123.0,286.0,6
451,34,29.1,103.0,299.0,7
452,79,17.4,142.0,286.0,7
453,30,23.7,102.0,264.0,5
454,76,32.2,160.0,320.0,8
455,36,31.3,119.0,291.0,7
456,66,28.4,140.0,309.0,8
457,29,20.3,111.0,222.0,3
458,78,29.9,148.0,320.0,8
459,36,30.6,148.0,257.0,5
460,26,27.2,108.0,263.0,5
461,88,33.1,144.0,320.0,6
462,45,23.6,131.0,218.0,3
463,69,24.5,110.0,306.0,7
464,33,16.0,117.0,261.0,5
465,86,31.6,146.0,320.0,8
466,29,28.6,102.0,248.0,5
467,42,18.6,128.0,219.0,1
468,69,18.2,140.0,243.0,5
469,70,22.6,119.0,320.0,6
470,40,31.0,113.0,281.0,5
471,33,25.5,90.0,280.0,4
472,74,23.0,147.0,320.0,8
473,56,22.0,135.0,305.0,5
474,70,21.7,131.0,287.0,6
475,59,17.3,140.0,277.0,6
476,75,21.0,128.0,290.0,4
477,56,21.6,120.0,263.0,5
478,31,30.4,120.0,281.0,7
479,22,26.2,101.0,227.0,6
480,52,22.9,128.0,224.0,4
481,35,38.5,111.0,278.0,6
482,26,23.7,107.0,239.0,4
483,75,32.8,139.0,320.0,8
484,34,35.1,109.0,277.0,7
485,24,19.2,114.0,244.0,2
486,63,27.4,128.0,303.0,6
487,30,24.4,115.0,284.0,3
488,57,24.0,123.0,318.0,4
489,59,29.8,115.0,320.0,7
490,26,23.9,123.0,204.0,4
491,67,24.5,145.0,309.0,5
492,44,26.2,151.0,297.0,7
493,83,25.1,136.0,320.0,8
494,22,21.1,107.0,250.0,6
495,46,31.0,123.0,295.0,6
496,54,32.2,142.0,289.0,6
497,55,28.7,125.0,257.0,4
498,25,25.1,97.0,233.0,2
499,82,23.5,163.0,320.0,8
500,34,23.5,113.0,245.0,2
