id,edad,altura_m,peso_kg,imc,empleo,actividad_fisica,horas_estudio_semana,satisfaccion,ingresos_euros
1,22,1.61,59.1,22.8,Servicios,Baja,7.1,6,3023
2,55,1.8,92.5,28.5,Industria,Moderada,7.6,2,2141
3,49,1.53,59.6,25.5,Tecnología,Moderada,10.7,2,1630
4,39,1.67,71.1,25.5,Educación,Alta,1.6,6,2263
5,38,1.72,84.4,28.5,Educación,Moderada,3.9,2,2982
6,59,1.76,76.8,24.8,Tecnología,Moderada,3.3,10,1666
7,22,1.77,69.2,22.1,Oficina,Moderada,1.0,9,1708
8,51,1.78,77.0,24.3,Educación,Baja,5.8,8,2663
9,27,1.67,71.1,25.5,Tecnología,Baja,10.4,8,2156
10,22,1.65,54.6,20.1,Servicios,Moderada,7.1,6,2721
11,43,1.79,84.5,26.4,Tecnología,Moderada,8.6,1,2291
12,64,1.68,69.4,24.6,Oficina,Baja,11.5,4,2756
13,53,1.57,70.5,28.6,Servicios,Moderada,12.2,5,1627
14,54,1.59,47.6,18.8,Oficina,Moderada,7.8,10,2292
15,52,1.61,60.3,23.3,Oficina,Moderada,12.3,3,2163
16,55,1.75,66.2,21.6,Industria,Moderada,8.3,5,1510
17,42,1.71,67.3,23.0,Servicios,Moderada,5.3,4,1284
18,24,1.77,77.8,24.8,Oficina,Baja,6.1,2,2746
19,58,1.66,69.5,25.2,Tecnología,Alta,3.3,2,2072
20,39,1.72,71.8,24.3,Educación,Alta,5.2,4,1636
21,42,1.76,76.2,24.6,Servicios,Moderada,6.9,1,2237
22,35,1.67,70.3,25.2,Industria,Moderada,10.6,1,3033
23,26,1.75,67.5,22.0,Oficina,Moderada,13.5,4,1000
24,62,1.63,73.6,27.7,Oficina,Alta,3.6,3,1327
25,55,1.66,75.0,27.2,Tecnología,Moderada,9.3,6,1700
26,48,1.66,72.3,26.2,Oficina,Alta,4.7,1,3250
27,37,1.58,65.3,26.2,Educación,Moderada,9.5,4,2484
28,57,1.75,80.4,26.3,Oficina,Moderada,7.6,5,2799
29,44,1.65,82.5,30.3,Industria,Baja,2.1,10,1559
30,39,1.7,71.3,24.7,Educación,Moderada,11.0,7,1572
31,39,1.75,74.0,24.2,Industria,Baja,6.1,9,2591
32,28,1.74,68.7,22.7,Oficina,Moderada,6.3,4,2338
33,22,1.77,68.6,21.9,Servicios,Alta,4.6,5,2657
34,44,1.69,62.9,22.0,Educación,Baja,5.9,5,2178
35,60,1.66,64.8,23.5,Educación,Moderada,9.4,9,2481
36,21,1.69,68.4,23.9,Oficina,Baja,7.4,10,2403
37,59,1.53,62.2,26.6,Oficina,Moderada,9.1,10,2806
38,57,1.56,62.5,25.7,Servicios,Baja,9.2,8,2825
39,31,1.57,54.5,22.1,Tecnología,Alta,12.2,6,1247
40,48,1.6,70.8,27.7,Tecnología,Baja,6.9,6,1000
41,25,1.74,78.8,26.0,Industria,Alta,3.3,10,2951
42,54,1.61,64.9,25.0,Educación,Alta,11.4,3,3072
43,51,1.66,65.3,23.7,Servicios,Moderada,6.9,4,1637
44,35,1.83,86.3,25.8,Tecnología,Alta,11.6,9,1091
45,21,1.66,67.6,24.5,Servicios,Alta,9.2,4,2364
46,64,1.77,70.7,22.6,Oficina,Alta,7.6,3,2905
47,39,1.61,63.8,24.6,Industria,Baja,9.1,6,3468
48,60,1.68,74.5,26.4,Educación,Moderada,14.2,4,2636
49,50,1.6,58.4,22.8,Oficina,Baja,14.6,9,2058
50,55,1.67,72.6,26.0,Oficina,Moderada,8.2,10,1719
51,54,1.78,70.3,22.2,Tecnología,Baja,8.5,4,2307
52,27,1.53,65.3,27.9,Servicios,Moderada,11.4,6,2105
53,35,1.74,83.5,27.6,Industria,Moderada,5.3,10,1640
54,40,1.72,71.9,24.3,Servicios,Moderada,9.1,8,3632
55,41,1.64,69.6,25.9,Servicios,Moderada,7.9,3,3460
56,20,1.56,40.8,16.8,Industria,Alta,9.0,6,3038
57,44,1.71,65.2,22.3,Educación,Alta,5.3,7,1701
58,25,1.65,63.9,23.5,Oficina,Moderada,2.9,7,2856
59,53,1.72,67.8,22.9,Oficina,Moderada,1.4,1,2716
60,50,1.7,78.2,27.1,Servicios,Alta,4.4,3,2588
61,62,1.86,102.2,29.5,Educación,Baja,6.5,9,3112
62,53,1.68,63.6,22.5,Tecnología,Baja,7.1,3,2713
63,35,1.6,57.0,22.3,Industria,Baja,14.2,3,2781
64,64,1.72,78.2,26.4,Industria,Moderada,11.5,4,2714
65,37,1.72,84.6,28.6,Servicios,Moderada,4.9,2,2522
66,33,1.84,74.5,22.0,Industria,Alta,9.1,2,1141
67,61,1.78,83.1,26.2,Tecnología,Moderada,6.7,4,2354
68,35,1.74,87.5,28.9,Tecnología,Moderada,7.1,9,1938
69,21,1.85,70.9,20.7,Tecnología,Alta,8.6,1,1468
70,40,1.58,52.8,21.2,Educación,Alta,10.0,3,3393
71,56,1.64,65.9,24.5,Servicios,Baja,6.9,1,3424
72,27,1.61,59.1,22.8,Industria,Moderada,11.4,6,3183
73,40,1.66,74.3,27.0,Tecnología,Moderada,4.3,3,2466
74,24,1.56,59.9,24.6,Tecnología,Baja,8.0,8,3178
75,50,1.76,65.9,21.3,Educación,Baja,16.3,6,2308
76,40,1.68,73.9,26.2,Servicios,Alta,8.7,8,2432
77,33,1.55,54.4,22.6,Oficina,Moderada,12.6,7,1589
78,28,1.6,71.0,27.7,Oficina,Moderada,8.3,5,2558
79,45,1.73,70.8,23.7,Industria,Moderada,9.9,9,2339
80,50,1.78,75.5,23.8,Oficina,Moderada,7.8,5,1453
81,63,1.9,95.5,26.5,Servicios,Alta,7.5,10,2267
82,38,1.99,101.8,25.7,Tecnología,Alta,5.5,10,2248
83,25,1.74,76.7,25.3,Oficina,Moderada,9.4,6,3468
84,57,1.6,53.7,21.0,Servicios,Moderada,5.3,7,2881
85,48,1.49,58.9,26.5,Oficina,Alta,10.1,3,2307
86,51,1.73,68.6,22.9,Tecnología,Moderada,11.5,9,2462
87,22,1.62,64.7,24.7,Oficina,Alta,9.2,7,2329
88,32,1.66,57.7,20.9,Oficina,Baja,7.1,10,2168
89,54,1.64,71.7,26.7,Oficina,Alta,9.5,3,1596
90,57,1.69,67.5,23.6,Oficina,Moderada,7.0,8,2202
91,38,1.81,72.1,22.0,Oficina,Baja,11.0,5,1815
92,56,1.72,80.6,27.2,Oficina,Moderada,2.1,2,1487
93,58,1.68,74.2,26.3,Industria,Moderada,6.9,2,2632
94,36,1.6,58.7,22.9,Educación,Baja,1.6,6,2554
95,61,1.53,70.2,30.0,Tecnología,Moderada,3.2,4,1139
96,31,1.65,63.6,23.4,Tecnología,Alta,12.4,2,2220
97,29,1.69,70.1,24.5,Industria,Baja,10.9,5,2947
98,50,1.88,90.4,25.6,Servicios,Moderada,5.7,7,2988
99,48,1.71,69.5,23.8,Servicios,Moderada,3.2,4,2967
100,24,1.8,81.9,25.3,Oficina,Moderada,1.0,10,2325
101,57,1.65,66.1,24.3,Oficina,Alta,6.3,8,1751
102,27,1.58,57.4,23.0,Tecnología,Alta,15.7,6,1596
103,56,1.6,75.0,29.3,Tecnología,Baja,9.4,10,2524
104,18,1.63,56.1,21.1,Industria,Alta,6.2,5,2547
105,56,1.91,74.9,20.5,Tecnología,Alta,9.5,2,3137
106,55,1.62,78.3,29.8,Oficina,Baja,3.0,1,3015
107,55,1.78,98.4,31.1,Tecnología,Alta,7.0,10,2214
108,49,1.61,62.6,24.2,Industria,Baja,8.3,10,1491
109,40,1.79,66.1,20.6,Oficina,Alta,7.7,8,2093
110,51,1.74,74.5,24.6,Servicios,Moderada,10.5,2,2441
111,31,1.68,67.2,23.8,Oficina,Moderada,9.1,3,2169
112,55,1.7,72.5,25.1,Servicios,Baja,10.1,1,1924
113,44,1.63,58.7,22.1,Oficina,Alta,5.8,1,2464
114,40,1.74,79.5,26.3,Servicios,Baja,10.9,3,1972
115,42,1.65,71.7,26.3,Servicios,Baja,13.2,6,1892
116,45,1.58,51.9,20.8,Servicios,Baja,4.9,1,2502
117,19,1.57,63.3,25.7,Servicios,Alta,5.2,10,2039
118,24,1.72,86.1,29.1,Educación,Baja,12.3,5,2459
119,29,1.86,85.5,24.7,Educación,Alta,7.4,3,2478
120,23,1.72,69.3,23.4,Educación,Moderada,12.5,6,1559
